user_id,course_id,last_accessed,completion_percentage,recommended_courses,module_id,score
U001,C004,2024-07-10 16:22:24,97,"['C005', 'C004', 'C018']",M004,97
U001,C003,2024-10-28 16:22:24,77,"['C007', 'C008']",M076,77
U001,C017,2024-08-03 16:22:24,51,"['C008', 'C015', 'C009', 'C001', 'C006']",M078,51
U001,C014,2024-07-25 16:22:24,67,"['C004', 'C003', 'C013', 'C020']",M044,67
U001,C012,2024-10-21 16:22:24,88,"['C018', 'C004', 'C013', 'C003', 'C010']",M045,88
U001,C020,2023-11-18 16:22:24,86,"['C002', 'C008']",M047,86
U001,C010,2024-05-02 16:22:24,64,"['C015', 'C012', 'C006', 'C019']",M011,64
U001,C012,2023-11-19 16:22:24,92,"['C020', 'C006']",M027,92
U001,C018,2024-03-21 16:22:24,65,"['C009', 'C018', 'C008', 'C011', 'C002']",M094,65
U001,C008,2024-06-28 16:22:24,70,"['C007', 'C019']",M005,70
U001,C011,2024-04-24 16:22:24,91,"['C005', 'C009', 'C020', 'C008', 'C019']",M028,91
U001,C019,2024-05-11 16:22:24,87,"['C005', 'C017', 'C016']",M055,87
U001,C003,2024-08-26 16:22:24,53,"['C014', 'C003', 'C013']",M097,53
U001,C013,2024-07-07 16:22:24,79,"['C004', 'C018']",M077,79
U001,C009,2024-09-16 16:22:24,91,"['C014', 'C006', 'C015', 'C001']",M099,91
U002,C017,2024-09-19 16:22:24,61,"['C017', 'C007', 'C005', 'C012']",M098,61
U002,C006,2024-11-12 16:22:24,99,"['C016', 'C001', 'C004', 'C012']",M070,99
U002,C010,2024-01-27 16:22:24,53,"['C003', 'C016']",M031,53
U002,C003,2024-09-09 16:22:24,84,"['C016', 'C018', 'C006']",M098,84
U002,C009,2024-07-27 16:22:24,88,"['C010', 'C013', 'C012']",M068,88
U002,C015,2024-07-09 16:22:24,78,"['C003', 'C011', 'C001']",M067,78
U002,C019,2024-07-23 16:22:24,64,"['C003', 'C002']",M071,64
U002,C008,2024-10-07 16:22:24,52,"['C009', 'C016', 'C007']",M009,52
U002,C018,2024-01-22 16:22:24,96,"['C008', 'C016', 'C014', 'C007', 'C004']",M017,96
U003,C014,2024-03-18 16:22:24,77,"['C004', 'C002']",M046,77
U003,C013,2024-07-08 16:22:24,71,"['C007', 'C018', 'C015']",M094,71
U003,C005,2024-03-21 16:22:24,61,"['C003', 'C015', 'C018']",M055,61
U003,C004,2024-11-05 16:22:24,91,"['C008', 'C006']",M007,91
U003,C014,2024-04-21 16:22:24,80,"['C006', 'C013']",M063,80
U003,C001,2024-03-25 16:22:24,66,"['C014', 'C018', 'C016', 'C005']",M050,66
U004,C010,2024-02-09 16:22:24,53,"['C011', 'C002']",M028,53
U004,C002,2024-02-15 16:22:24,80,"['C002', 'C017', 'C003']",M075,80
U004,C006,2023-12-03 16:22:24,88,"['C013', 'C004', 'C008']",M009,88
U004,C019,2024-10-02 16:22:24,52,"['C019', 'C020', 'C017', 'C011', 'C009']",M077,52
U004,C007,2024-07-13 16:22:24,95,"['C013', 'C005', 'C010', 'C015']",M086,95
U004,C011,2024-03-23 16:22:24,54,"['C003', 'C018']",M097,54
U004,C007,2024-05-18 16:22:24,66,"['C008', 'C012']",M065,66
U004,C010,2023-11-18 16:22:24,78,"['C020', 'C017', 'C001', 'C010']",M021,78
U005,C004,2024-09-19 16:22:24,66,"['C009', 'C010', 'C007']",M018,66
U005,C011,2024-06-30 16:22:24,93,"['C009', 'C002', 'C003', 'C014', 'C020']",M027,93
U005,C002,2024-09-07 16:22:24,71,"['C006', 'C015', 'C018', 'C014']",M001,71
U005,C018,2023-11-25 16:22:24,57,"['C018', 'C002', 'C012']",M002,57
U005,C019,2024-09-08 16:22:24,59,"['C010', 'C012']",M071,59
U005,C002,2024-07-08 16:22:24,63,"['C012', 'C018']",M046,63
U005,C014,2024-07-14 16:22:24,97,"['C006', 'C014', 'C001']",M080,97
U005,C006,2024-04-16 16:22:24,71,"['C009', 'C006', 'C004']",M095,71
U005,C013,2024-08-02 16:22:24,80,"['C012', 'C010', 'C008', 'C018', 'C001']",M005,80
U005,C007,2024-10-08 16:22:24,71,"['C012', 'C017', 'C013', 'C011']",M052,71
U005,C001,2024-01-20 16:22:24,66,"['C002', 'C004', 'C014', 'C012']",M015,66
U005,C011,2024-09-14 16:22:24,88,"['C019', 'C007', 'C009', 'C002', 'C014']",M056,88
U005,C001,2023-12-05 16:22:24,84,"['C012', 'C014', 'C003']",M067,84
U005,C011,2024-09-10 16:22:24,70,"['C017', 'C010', 'C014', 'C011']",M080,70
U005,C013,2024-09-08 16:22:24,68,"['C014', 'C013', 'C006']",M090,68
U006,C019,2024-11-12 16:22:24,75,"['C010', 'C007', 'C014', 'C011']",M039,75
U006,C015,2024-07-26 16:22:24,78,"['C006', 'C003', 'C010', 'C017', 'C011']",M057,78
U006,C003,2024-06-07 16:22:24,65,"['C007', 'C005', 'C001']",M097,65
U006,C002,2024-10-06 16:22:24,80,"['C014', 'C019', 'C007', 'C013', 'C016']",M032,80
U006,C013,2023-11-26 16:22:24,59,"['C004', 'C014']",M032,59
U006,C008,2024-03-20 16:22:24,94,"['C018', 'C008']",M023,94
U006,C004,2023-12-07 16:22:24,58,"['C015', 'C017', 'C014', 'C020']",M059,58
U006,C006,2024-07-03 16:22:24,80,"['C009', 'C017', 'C016']",M096,80
U006,C008,2024-06-19 16:22:24,78,"['C009', 'C011', 'C019']",M036,78
U006,C018,2024-07-17 16:22:24,58,"['C005', 'C007', 'C003', 'C014', 'C017']",M011,58
U006,C011,2024-10-12 16:22:24,79,"['C014', 'C013', 'C001']",M070,79
U006,C019,2024-05-16 16:22:24,80,"['C013', 'C014', 'C018', 'C008']",M049,80
U006,C016,2024-03-09 16:22:24,67,"['C013', 'C011']",M029,67
U006,C013,2024-09-08 16:22:24,60,"['C013', 'C019']",M093,60
U007,C001,2024-09-04 16:22:24,91,"['C006', 'C002', 'C009', 'C013', 'C011']",M011,91
U007,C007,2024-05-02 16:22:24,70,"['C014', 'C009', 'C003', 'C016']",M059,70
U007,C001,2024-05-17 16:22:24,84,"['C003', 'C002', 'C001']",M096,84
U007,C008,2024-08-26 16:22:24,51,"['C005', 'C016', 'C004']",M026,51
U007,C019,2024-07-04 16:22:24,79,"['C006', 'C004', 'C020', 'C010']",M028,79
U007,C004,2024-01-23 16:22:24,51,"['C013', 'C007', 'C003', 'C008', 'C004']",M075,51
U007,C010,2024-01-28 16:22:24,88,"['C012', 'C018']",M088,88
U007,C014,2024-02-27 16:22:24,73,"['C001', 'C014', 'C016', 'C004']",M085,73
U007,C014,2023-11-16 16:22:24,90,"['C014', 'C006', 'C017']",M047,90
U007,C009,2024-03-10 16:22:24,84,"['C014', 'C019', 'C009', 'C011', 'C008']",M079,84
U007,C003,2024-03-20 16:22:24,78,"['C011', 'C001', 'C016', 'C020', 'C006']",M036,78
U007,C016,2024-05-22 16:22:24,72,"['C020', 'C009', 'C018', 'C001']",M028,72
U007,C017,2024-04-18 16:22:24,55,"['C018', 'C008', 'C016', 'C020', 'C015']",M025,55
U007,C001,2024-04-19 16:22:24,68,"['C010', 'C019', 'C012']",M012,68
U008,C018,2024-02-05 16:22:24,72,"['C012', 'C015', 'C009', 'C010']",M068,72
U008,C009,2024-08-06 16:22:24,57,"['C004', 'C018', 'C006', 'C007']",M030,57
U008,C007,2024-01-16 16:22:24,80,"['C004', 'C007', 'C010', 'C008']",M095,80
U008,C012,2023-11-16 16:22:24,69,"['C009', 'C002', 'C019']",M023,69
U008,C018,2023-12-22 16:22:24,94,"['C004', 'C001', 'C010', 'C016', 'C017']",M038,94
U008,C015,2024-07-06 16:22:24,61,"['C004', 'C003', 'C013', 'C016', 'C019']",M044,61
U008,C019,2024-08-27 16:22:24,93,"['C019', 'C010', 'C003']",M081,93
U008,C008,2024-04-13 16:22:24,85,"['C017', 'C013', 'C015']",M016,85
U008,C015,2024-06-09 16:22:24,87,"['C020', 'C004']",M039,87
U008,C007,2023-12-10 16:22:24,63,"['C006', 'C008']",M081,63
U008,C006,2024-11-11 16:22:24,54,"['C015', 'C016', 'C010', 'C002', 'C008']",M071,54
U008,C010,2024-03-25 16:22:24,68,"['C008', 'C009']",M091,68
U009,C019,2024-09-15 16:22:24,62,"['C005', 'C009', 'C020']",M085,62
U009,C003,2024-01-13 16:22:24,60,"['C015', 'C004', 'C020', 'C010']",M008,60
U009,C013,2024-03-05 16:22:24,82,"['C003', 'C002', 'C014', 'C011', 'C009']",M035,82
U009,C001,2024-01-23 16:22:24,64,"['C009', 'C019']",M012,64
U009,C002,2024-03-17 16:22:24,98,"['C009', 'C006', 'C014', 'C016', 'C003']",M098,98
U009,C016,2024-06-01 16:22:24,76,"['C006', 'C011']",M045,76
U009,C014,2023-12-09 16:22:24,81,"['C018', 'C002', 'C015', 'C003', 'C011']",M089,81
U009,C009,2024-04-20 16:22:24,57,"['C018', 'C015']",M042,57
U009,C014,2024-05-11 16:22:24,62,"['C015', 'C002', 'C007', 'C009', 'C005']",M007,62
U009,C010,2024-09-11 16:22:24,94,"['C020', 'C008']",M057,94
U009,C006,2024-02-04 16:22:24,85,"['C003', 'C008', 'C004', 'C015', 'C018']",M040,85
U009,C005,2024-02-26 16:22:24,95,"['C014', 'C016', 'C019', 'C008']",M064,95
U009,C015,2024-08-07 16:22:24,59,"['C003', 'C009', 'C014']",M071,59
U009,C011,2024-06-21 16:22:24,67,"['C019', 'C020', 'C016', 'C005']",M065,67
U009,C015,2024-05-26 16:22:24,80,"['C015', 'C011', 'C007', 'C008', 'C013']",M069,80
U010,C014,2024-03-15 16:22:24,70,"['C013', 'C005', 'C016', 'C002', 'C019']",M006,70
U010,C017,2024-04-01 16:22:24,71,"['C017', 'C015']",M076,71
U010,C001,2023-12-13 16:22:24,59,"['C003', 'C016', 'C009']",M093,59
U010,C011,2023-12-16 16:22:24,94,"['C011', 'C018']",M080,94
U010,C013,2024-03-08 16:22:24,90,"['C020', 'C003']",M041,90
U010,C008,2024-07-19 16:22:24,93,"['C014', 'C004']",M081,93
U010,C004,2024-06-12 16:22:24,60,"['C002', 'C011']",M057,60
U010,C002,2024-04-06 16:22:24,72,"['C008', 'C017', 'C014']",M038,72
U011,C006,2024-01-05 16:22:24,61,"['C020', 'C008', 'C016', 'C005', 'C019']",M022,61
U011,C015,2024-07-05 16:22:24,66,"['C015', 'C010']",M082,66
U011,C018,2024-05-20 16:22:24,54,"['C014', 'C009', 'C015', 'C010']",M021,54
U011,C007,2024-07-14 16:22:24,80,"['C019', 'C012', 'C010', 'C018', 'C001']",M050,80
U011,C013,2023-11-27 16:22:24,50,"['C020', 'C016']",M036,50
U011,C010,2024-05-16 16:22:24,64,"['C007', 'C009', 'C005']",M100,64
U011,C004,2024-06-07 16:22:24,91,"['C002', 'C019', 'C012', 'C005', 'C003']",M081,91
U011,C010,2024-08-15 16:22:24,97,"['C005', 'C018', 'C012']",M042,97
U011,C017,2024-07-04 16:22:24,67,"['C010', 'C011', 'C004', 'C015', 'C003']",M065,67
U011,C005,2023-12-03 16:22:24,64,"['C018', 'C012', 'C003', 'C013', 'C001']",M097,64
U011,C009,2024-05-08 16:22:24,57,"['C019', 'C013', 'C012', 'C004']",M069,57
U011,C008,2024-01-30 16:22:24,51,"['C020', 'C008', 'C003', 'C015']",M061,51
U011,C010,2024-09-02 16:22:24,76,"['C002', 'C010']",M084,76
U011,C016,2024-02-11 16:22:24,56,"['C013', 'C015', 'C012']",M015,56
U012,C018,2024-08-25 16:22:24,87,"['C004', 'C016', 'C014', 'C009', 'C002']",M054,87
U012,C012,2024-07-15 16:22:24,78,"['C004', 'C012', 'C018', 'C019']",M028,78
U012,C002,2024-09-11 16:22:24,67,"['C003', 'C007', 'C001', 'C002', 'C011']",M051,67
U012,C008,2024-07-30 16:22:24,100,"['C018', 'C007']",M017,100
U012,C019,2024-08-29 16:22:24,64,"['C009', 'C005']",M028,64
U012,C005,2024-09-17 16:22:24,66,"['C005', 'C001']",M070,66
U012,C012,2024-11-04 16:22:24,87,"['C009', 'C002', 'C005']",M031,87
U012,C014,2024-10-11 16:22:24,57,"['C015', 'C012', 'C017', 'C004', 'C020']",M068,57
U012,C017,2023-12-11 16:22:24,89,"['C015', 'C001', 'C002', 'C016']",M029,89
U012,C013,2024-03-06 16:22:24,93,"['C003', 'C020', 'C011', 'C005', 'C019']",M055,93
U012,C005,2024-01-18 16:22:24,89,"['C013', 'C017', 'C010', 'C015']",M036,89
U012,C017,2023-11-19 16:22:24,77,"['C018', 'C007']",M078,77
U012,C014,2024-05-23 16:22:24,64,"['C013', 'C014', 'C004', 'C011', 'C019']",M058,64
U012,C011,2024-08-26 16:22:24,66,"['C003', 'C020', 'C019', 'C018', 'C014']",M086,66
U012,C004,2024-09-07 16:22:24,97,"['C019', 'C018']",M096,97
U013,C011,2024-05-15 16:22:24,57,"['C002', 'C010', 'C019', 'C012', 'C004']",M086,57
U013,C019,2023-12-12 16:22:24,63,"['C008', 'C004', 'C012', 'C018', 'C019']",M065,63
U013,C009,2024-01-30 16:22:24,64,"['C020', 'C009']",M074,64
U013,C001,2024-06-07 16:22:24,67,"['C012', 'C001', 'C006', 'C005']",M024,67
U013,C019,2024-09-01 16:22:24,75,"['C003', 'C017']",M085,75
U013,C007,2024-05-22 16:22:24,76,"['C012', 'C010', 'C011']",M049,76
U013,C019,2024-08-25 16:22:24,55,"['C020', 'C002', 'C003']",M077,55
U013,C009,2024-03-09 16:22:24,92,"['C014', 'C009', 'C007', 'C017', 'C004']",M057,92
U013,C012,2023-12-01 16:22:24,57,"['C017', 'C010', 'C002', 'C008', 'C013']",M056,57
U013,C020,2024-06-11 16:22:24,50,"['C005', 'C009', 'C010']",M008,50
U013,C011,2024-04-06 16:22:24,50,"['C005', 'C013', 'C018']",M016,50
U013,C008,2024-05-15 16:22:24,85,"['C013', 'C002']",M065,85
U013,C014,2024-06-05 16:22:24,79,"['C019', 'C013', 'C014', 'C010', 'C004']",M003,79
U014,C001,2024-03-22 16:22:24,60,"['C003', 'C014', 'C004', 'C008']",M042,60
U014,C014,2024-10-03 16:22:24,75,"['C010', 'C011', 'C008', 'C019', 'C006']",M076,75
U014,C003,2024-02-15 16:22:24,90,"['C012', 'C020', 'C005']",M066,90
U014,C008,2024-08-03 16:22:24,59,"['C020', 'C005', 'C003']",M014,59
U014,C006,2024-03-20 16:22:24,90,"['C019', 'C011', 'C020', 'C005', 'C015']",M099,90
U014,C003,2024-06-10 16:22:24,78,"['C019', 'C002', 'C012', 'C017']",M061,78
U014,C003,2024-10-24 16:22:24,79,"['C012', 'C010']",M040,79
U014,C003,2024-01-13 16:22:24,55,"['C015', 'C019', 'C018', 'C002', 'C020']",M083,55
U014,C019,2024-01-08 16:22:24,62,"['C017', 'C005', 'C002', 'C015', 'C004']",M084,62
U014,C011,2023-12-18 16:22:24,55,"['C002', 'C008', 'C015']",M092,55
U014,C015,2024-08-23 16:22:24,83,"['C012', 'C010', 'C013', 'C014']",M068,83
U015,C020,2023-12-17 16:22:24,100,"['C003', 'C011', 'C004', 'C013']",M007,100
U015,C010,2024-01-09 16:22:24,96,"['C011', 'C003', 'C005']",M033,96
U015,C012,2023-12-09 16:22:24,91,"['C005', 'C003', 'C010', 'C013', 'C011']",M040,91
U015,C005,2023-11-28 16:22:24,94,"['C014', 'C017']",M086,94
U015,C012,2024-08-12 16:22:24,73,"['C011', 'C016', 'C007']",M003,73
U015,C008,2024-06-14 16:22:24,59,"['C017', 'C018']",M018,59
U015,C017,2024-01-01 16:22:24,92,"['C020', 'C013', 'C005']",M005,92
U015,C006,2023-12-29 16:22:24,94,"['C015', 'C002', 'C014']",M024,94
U015,C012,2024-03-30 16:22:24,96,"['C015', 'C008', 'C018', 'C019']",M087,96
U015,C010,2023-12-01 16:22:24,62,"['C015', 'C010', 'C013', 'C017', 'C014']",M061,62
U016,C007,2024-10-17 16:22:24,58,"['C012', 'C018', 'C004', 'C017', 'C019']",M078,58
U016,C010,2024-06-26 16:22:24,98,"['C017', 'C005', 'C014', 'C003', 'C008']",M011,98
U016,C015,2024-10-16 16:22:24,51,"['C017', 'C012', 'C008', 'C013', 'C003']",M045,51
U016,C012,2024-09-23 16:22:24,51,"['C005', 'C020', 'C002', 'C010']",M029,51
U016,C016,2023-11-17 16:22:24,58,"['C015', 'C001', 'C003', 'C019', 'C009']",M090,58
U016,C007,2024-01-06 16:22:24,85,"['C004', 'C010', 'C008', 'C019', 'C020']",M020,85
U016,C002,2023-12-30 16:22:24,76,"['C003', 'C004', 'C016', 'C001', 'C008']",M031,76
U017,C010,2024-05-16 16:22:24,50,"['C019', 'C014', 'C006']",M055,50
U017,C003,2024-02-17 16:22:24,73,"['C013', 'C016']",M068,73
U017,C002,2024-07-06 16:22:24,74,"['C012', 'C003']",M082,74
U017,C012,2023-12-27 16:22:24,96,"['C019', 'C011']",M031,96
U017,C005,2024-05-23 16:22:24,72,"['C015', 'C016', 'C006']",M006,72
U017,C005,2024-03-23 16:22:24,95,"['C010', 'C007']",M009,95
U017,C002,2024-06-07 16:22:24,52,"['C018', 'C016', 'C009', 'C002', 'C007']",M026,52
U018,C012,2024-05-27 16:22:24,53,"['C004', 'C012', 'C014', 'C013']",M100,53
U018,C015,2024-03-03 16:22:24,71,"['C012', 'C017', 'C009', 'C003', 'C014']",M050,71
U018,C003,2024-02-07 16:22:24,88,"['C011', 'C004', 'C003', 'C020']",M056,88
U018,C010,2024-04-08 16:22:24,78,"['C015', 'C012', 'C020']",M040,78
U018,C002,2024-04-04 16:22:24,72,"['C002', 'C003', 'C013', 'C012']",M094,72
U018,C017,2024-10-28 16:22:24,93,"['C020', 'C015', 'C002']",M096,93
U018,C005,2023-12-18 16:22:24,65,"['C012', 'C013', 'C002', 'C005']",M009,65
U018,C015,2024-10-04 16:22:24,73,"['C017', 'C012', 'C013']",M048,73
U018,C011,2024-09-15 16:22:24,67,"['C006', 'C016']",M084,67
U019,C013,2024-07-02 16:22:24,57,"['C007', 'C010', 'C016', 'C020', 'C004']",M072,57
U019,C005,2024-03-30 16:22:24,78,"['C011', 'C012']",M010,78
U019,C003,2024-06-12 16:22:24,84,"['C006', 'C012', 'C017']",M071,84
U019,C008,2024-07-14 16:22:24,62,"['C001', 'C012', 'C018', 'C019', 'C015']",M016,62
U019,C018,2024-10-10 16:22:24,89,"['C013', 'C016', 'C017', 'C014']",M017,89
U019,C014,2024-06-03 16:22:24,54,"['C015', 'C020']",M074,54
U019,C017,2024-02-04 16:22:24,58,"['C005', 'C014', 'C017']",M045,58
U019,C002,2024-06-10 16:22:24,83,"['C006', 'C011', 'C008']",M016,83
U019,C012,2024-07-07 16:22:24,68,"['C018', 'C009', 'C005']",M067,68
U019,C010,2024-02-29 16:22:24,84,"['C019', 'C020', 'C005']",M079,84
U019,C006,2024-01-08 16:22:24,89,"['C019', 'C002', 'C001', 'C003']",M085,89
U019,C002,2024-06-30 16:22:24,99,"['C019', 'C014', 'C001']",M083,99
U019,C016,2023-12-20 16:22:24,84,"['C016', 'C008', 'C013', 'C010']",M081,84
U020,C003,2024-04-01 16:22:24,53,"['C016', 'C015', 'C007', 'C011', 'C005']",M089,53
U020,C011,2024-05-20 16:22:24,70,"['C005', 'C012', 'C017', 'C004', 'C011']",M092,70
U020,C008,2024-03-27 16:22:24,57,"['C005', 'C004', 'C002']",M060,57
U020,C010,2024-07-08 16:22:24,89,"['C011', 'C019', 'C020']",M050,89
U020,C007,2024-02-23 16:22:24,60,"['C016', 'C010', 'C020', 'C001', 'C003']",M098,60
U020,C013,2024-07-25 16:22:24,79,"['C002', 'C020', 'C010', 'C016']",M065,79
U020,C020,2024-06-19 16:22:24,93,"['C004', 'C014']",M084,93
U020,C005,2024-04-20 16:22:24,96,"['C002', 'C013', 'C020', 'C007']",M034,96
U020,C012,2024-04-29 16:22:24,68,"['C018', 'C009', 'C004', 'C005', 'C020']",M071,68
U020,C013,2024-02-01 16:22:24,100,"['C005', 'C007', 'C017', 'C013']",M048,100
U020,C017,2024-09-03 16:22:24,52,"['C016', 'C017', 'C015', 'C005']",M006,52
U020,C020,2024-01-04 16:22:24,58,"['C006', 'C013', 'C010', 'C011']",M066,58
U021,C017,2024-01-29 16:22:24,81,"['C016', 'C001', 'C012', 'C011']",M069,81
U021,C004,2023-11-26 16:22:24,87,"['C020', 'C016']",M054,87
U021,C009,2024-01-21 16:22:24,100,"['C002', 'C019', 'C016']",M084,100
U021,C006,2023-12-31 16:22:24,90,"['C005', 'C008', 'C002', 'C004', 'C007']",M068,90
U021,C001,2024-08-27 16:22:24,70,"['C007', 'C014', 'C017', 'C016', 'C002']",M057,70
U021,C005,2024-05-30 16:22:24,63,"['C017', 'C013', 'C011', 'C006', 'C015']",M067,63
U021,C018,2023-12-02 16:22:24,84,"['C020', 'C016', 'C007', 'C008']",M044,84
U021,C009,2024-06-13 16:22:24,69,"['C007', 'C016', 'C011', 'C019']",M072,69
U021,C012,2024-06-25 16:22:24,100,"['C004', 'C019', 'C018', 'C013']",M072,100
U021,C013,2024-06-17 16:22:24,99,"['C010', 'C003']",M045,99
U021,C012,2024-03-12 16:22:24,91,"['C007', 'C018', 'C009']",M057,91
U021,C018,2024-09-18 16:22:24,67,"['C008', 'C002', 'C017']",M090,67
U021,C008,2024-09-22 16:22:24,64,"['C011', 'C016', 'C004', 'C005', 'C001']",M082,64
U022,C006,2024-03-13 16:22:24,91,"['C010', 'C011', 'C020']",M053,91
U022,C002,2024-01-24 16:22:24,55,"['C018', 'C002', 'C006']",M099,55
U022,C014,2024-03-04 16:22:24,52,"['C010', 'C002', 'C001']",M023,52
U022,C010,2024-05-25 16:22:24,88,"['C015', 'C018', 'C017', 'C016']",M073,88
U022,C005,2024-08-06 16:22:24,79,"['C011', 'C006']",M065,79
U022,C015,2024-08-09 16:22:24,66,"['C011', 'C010']",M083,66
U022,C019,2024-08-15 16:22:24,98,"['C014', 'C017', 'C011', 'C003', 'C013']",M087,98
U022,C004,2024-05-31 16:22:24,58,"['C001', 'C009', 'C013']",M024,58
U022,C008,2024-05-28 16:22:24,98,"['C019', 'C020', 'C001', 'C009']",M058,98
U022,C012,2023-12-07 16:22:24,65,"['C015', 'C010']",M089,65
U022,C006,2023-11-18 16:22:24,93,"['C004', 'C010', 'C012', 'C008']",M052,93
U022,C008,2024-03-25 16:22:24,80,"['C014', 'C018', 'C016', 'C007']",M018,80
U022,C008,2024-10-02 16:22:24,98,"['C017', 'C012', 'C003', 'C004', 'C002']",M088,98
U023,C017,2024-08-28 16:22:24,86,"['C011', 'C017', 'C015']",M026,86
U023,C004,2024-01-19 16:22:24,63,"['C003', 'C017', 'C015', 'C002', 'C018']",M088,63
U023,C005,2024-01-29 16:22:24,76,"['C018', 'C015']",M066,76
U023,C010,2024-07-05 16:22:24,51,"['C007', 'C019']",M093,51
U023,C003,2023-11-20 16:22:24,77,"['C018', 'C002']",M006,77
U023,C003,2024-04-17 16:22:24,52,"['C005', 'C014', 'C012']",M061,52
U023,C013,2024-10-02 16:22:24,74,"['C012', 'C004', 'C006']",M058,74
U023,C018,2024-07-21 16:22:24,83,"['C001', 'C010']",M051,83
U023,C015,2024-04-09 16:22:24,96,"['C008', 'C020', 'C015', 'C012', 'C005']",M087,96
U023,C009,2024-09-16 16:22:24,96,"['C014', 'C001']",M025,96
U023,C008,2024-01-13 16:22:24,54,"['C015', 'C002']",M027,54
U023,C008,2024-04-02 16:22:24,52,"['C018', 'C007', 'C002']",M095,52
U023,C005,2024-01-23 16:22:24,68,"['C019', 'C011', 'C008', 'C010']",M065,68
U024,C017,2024-06-25 16:22:24,76,"['C018', 'C019']",M029,76
U024,C006,2024-02-02 16:22:24,93,"['C002', 'C012', 'C013', 'C017', 'C011']",M081,93
U024,C014,2024-05-04 16:22:24,59,"['C018', 'C016', 'C008']",M053,59
U024,C008,2024-03-20 16:22:24,95,"['C018', 'C014']",M039,95
U024,C014,2024-04-28 16:22:24,83,"['C009', 'C007', 'C011']",M072,83
U024,C003,2024-02-12 16:22:24,73,"['C002', 'C009', 'C013']",M058,73
U024,C020,2024-08-08 16:22:24,52,"['C016', 'C007', 'C011']",M078,52
U025,C001,2024-09-13 16:22:24,62,"['C008', 'C007', 'C013', 'C020', 'C011']",M028,62
U025,C010,2023-12-16 16:22:24,79,"['C010', 'C009', 'C012', 'C017']",M049,79
U025,C016,2024-03-17 16:22:24,56,"['C007', 'C012', 'C011', 'C014']",M060,56
U025,C002,2024-08-30 16:22:24,64,"['C009', 'C018']",M073,64
U025,C019,2024-06-14 16:22:24,96,"['C007', 'C011', 'C008']",M075,96
U025,C013,2024-02-05 16:22:24,65,"['C009', 'C016', 'C019', 'C015']",M073,65
U025,C006,2024-08-18 16:22:24,100,"['C018', 'C016', 'C006']",M094,100
U025,C018,2024-10-26 16:22:24,53,"['C002', 'C001']",M083,53
U025,C014,2024-10-09 16:22:24,90,"['C001', 'C007', 'C017']",M018,90
U026,C012,2023-12-07 16:22:24,89,"['C016', 'C001', 'C019', 'C014', 'C018']",M008,89
U026,C001,2024-02-12 16:22:24,96,"['C001', 'C017', 'C014', 'C006']",M068,96
U026,C004,2024-07-12 16:22:24,83,"['C020', 'C017', 'C009']",M013,83
U026,C012,2024-10-03 16:22:24,100,"['C013', 'C015', 'C008', 'C018']",M035,100
U026,C010,2023-12-16 16:22:24,55,"['C003', 'C013']",M088,55
U026,C013,2024-10-15 16:22:24,85,"['C006', 'C003']",M049,85
U026,C016,2024-05-27 16:22:24,91,"['C017', 'C002']",M056,91
U026,C008,2024-03-14 16:22:24,94,"['C002', 'C003', 'C009', 'C020']",M028,94
U026,C006,2024-01-17 16:22:24,51,"['C013', 'C003', 'C010']",M041,51
U026,C006,2024-04-27 16:22:24,65,"['C013', 'C005', 'C003', 'C017']",M073,65
U026,C012,2024-07-17 16:22:24,56,"['C011', 'C013']",M007,56
U026,C011,2024-03-27 16:22:24,90,"['C008', 'C012', 'C018', 'C013', 'C014']",M004,90
U027,C019,2024-01-01 16:22:24,74,"['C008', 'C003', 'C019', 'C009']",M085,74
U027,C005,2023-12-24 16:22:24,95,"['C013', 'C011', 'C012']",M049,95
U027,C004,2024-03-30 16:22:24,50,"['C009', 'C004', 'C005', 'C003']",M012,50
U027,C006,2024-02-02 16:22:24,78,"['C004', 'C001', 'C003', 'C012', 'C018']",M056,78
U027,C020,2024-04-29 16:22:24,100,"['C010', 'C014']",M077,100
U027,C013,2024-01-31 16:22:24,55,"['C019', 'C017', 'C006']",M100,55
U027,C013,2024-06-11 16:22:24,58,"['C016', 'C005', 'C003', 'C006']",M022,58
U028,C009,2024-10-04 16:22:24,69,"['C009', 'C008', 'C016', 'C007']",M054,69
U028,C015,2024-11-09 16:22:24,58,"['C011', 'C013', 'C020', 'C015', 'C018']",M014,58
U028,C014,2024-06-12 16:22:24,88,"['C020', 'C007', 'C016', 'C011']",M084,88
U028,C006,2023-11-23 16:22:24,70,"['C019', 'C008', 'C011', 'C013', 'C009']",M051,70
U028,C013,2024-08-02 16:22:24,57,"['C018', 'C001', 'C015']",M047,57
U028,C007,2024-10-08 16:22:24,68,"['C016', 'C005', 'C010', 'C008', 'C009']",M057,68
U028,C005,2024-10-06 16:22:24,77,"['C020', 'C016', 'C013', 'C017', 'C014']",M092,77
U028,C018,2023-11-19 16:22:24,100,"['C004', 'C008']",M005,100
U028,C012,2024-10-21 16:22:24,91,"['C011', 'C014', 'C004', 'C001', 'C018']",M022,91
U028,C009,2024-02-21 16:22:24,82,"['C015', 'C012', 'C013']",M029,82
U028,C015,2023-11-25 16:22:24,93,"['C012', 'C001', 'C016']",M099,93
U029,C010,2024-09-01 16:22:24,55,"['C010', 'C011', 'C015', 'C007']",M054,55
U029,C017,2024-09-24 16:22:24,72,"['C015', 'C011', 'C003', 'C010', 'C002']",M062,72
U029,C004,2024-09-18 16:22:24,71,"['C008', 'C017', 'C006']",M003,71
U029,C018,2024-04-08 16:22:24,71,"['C008', 'C013', 'C006', 'C018', 'C014']",M021,71
U029,C013,2024-08-03 16:22:24,97,"['C019', 'C014', 'C013', 'C001', 'C007']",M004,97
U029,C007,2024-10-11 16:22:24,98,"['C018', 'C006']",M036,98
U030,C011,2024-07-01 16:22:24,79,"['C017', 'C011', 'C013', 'C018', 'C004']",M026,79
U030,C012,2024-08-16 16:22:24,79,"['C020', 'C019', 'C003', 'C005']",M046,79
U030,C011,2024-09-14 16:22:24,65,"['C012', 'C005', 'C017']",M016,65
U030,C013,2024-01-23 16:22:24,88,"['C014', 'C006', 'C016', 'C019', 'C017']",M054,88
U030,C016,2024-06-04 16:22:24,58,"['C020', 'C002', 'C012', 'C001', 'C016']",M037,58
U030,C005,2024-02-28 16:22:24,74,"['C014', 'C016', 'C020', 'C015', 'C019']",M025,74
U030,C006,2024-07-23 16:22:24,86,"['C002', 'C009', 'C008', 'C010']",M011,86
U030,C006,2024-03-04 16:22:24,79,"['C019', 'C004']",M100,79
U030,C009,2024-02-09 16:22:24,84,"['C015', 'C018']",M100,84
U030,C007,2023-12-14 16:22:24,56,"['C010', 'C002', 'C015']",M055,56
U031,C012,2024-07-14 16:22:24,78,"['C019', 'C012', 'C014']",M012,78
U031,C006,2024-07-30 16:22:24,58,"['C002', 'C019', 'C012']",M079,58
U031,C018,2024-08-18 16:22:24,88,"['C010', 'C020', 'C009', 'C017']",M036,88
U031,C004,2024-04-16 16:22:24,98,"['C009', 'C005']",M018,98
U031,C005,2024-06-01 16:22:24,59,"['C013', 'C016', 'C005']",M032,59
U031,C019,2024-04-14 16:22:24,67,"['C015', 'C003', 'C019', 'C013', 'C009']",M081,67
U031,C012,2024-01-20 16:22:24,81,"['C003', 'C015']",M059,81
U031,C012,2024-04-23 16:22:24,100,"['C014', 'C007', 'C016']",M009,100
U031,C009,2024-02-06 16:22:24,68,"['C019', 'C016', 'C011']",M042,68
U032,C002,2024-03-22 16:22:24,56,"['C004', 'C006']",M006,56
U032,C015,2024-08-01 16:22:24,50,"['C010', 'C006', 'C009']",M059,50
U032,C003,2024-10-01 16:22:24,73,"['C006', 'C002', 'C013', 'C010']",M084,73
U032,C008,2023-11-18 16:22:24,91,"['C001', 'C007']",M055,91
U032,C016,2024-07-20 16:22:24,58,"['C001', 'C020', 'C011', 'C004', 'C014']",M010,58
U032,C005,2024-04-30 16:22:24,54,"['C004', 'C020']",M062,54
U032,C011,2024-05-01 16:22:24,69,"['C005', 'C003', 'C017']",M048,69
U032,C019,2024-08-20 16:22:24,89,"['C012', 'C007', 'C005', 'C014', 'C015']",M002,89
U032,C007,2024-09-10 16:22:24,56,"['C012', 'C014', 'C011', 'C005', 'C008']",M012,56
U032,C009,2024-02-03 16:22:24,55,"['C001', 'C010', 'C007', 'C017']",M083,55
U032,C020,2024-04-26 16:22:24,62,"['C002', 'C008', 'C016', 'C013']",M066,62
U032,C004,2024-01-13 16:22:24,81,"['C017', 'C001']",M031,81
U032,C012,2024-01-26 16:22:24,58,"['C012', 'C018', 'C006', 'C016', 'C003']",M041,58
U032,C001,2024-07-01 16:22:24,54,"['C002', 'C020', 'C013']",M076,54
U032,C017,2024-03-01 16:22:24,90,"['C014', 'C013', 'C003', 'C005', 'C009']",M037,90
U033,C010,2024-08-25 16:22:24,82,"['C013', 'C019', 'C003', 'C010']",M011,82
U033,C014,2024-07-10 16:22:24,65,"['C014', 'C004']",M094,65
U033,C015,2024-06-07 16:22:24,88,"['C004', 'C001', 'C005']",M079,88
U033,C001,2024-02-19 16:22:24,81,"['C006', 'C012', 'C005', 'C009']",M021,81
U033,C004,2024-04-07 16:22:24,51,"['C017', 'C003', 'C009', 'C019']",M099,51
U033,C016,2024-10-15 16:22:24,82,"['C019', 'C006', 'C012', 'C020', 'C009']",M059,82
U034,C019,2024-07-19 16:22:24,96,"['C002', 'C001']",M087,96
U034,C008,2024-04-30 16:22:24,80,"['C006', 'C002', 'C018']",M006,80
U034,C014,2024-04-13 16:22:24,70,"['C009', 'C003', 'C012', 'C004']",M029,70
U034,C017,2024-07-21 16:22:24,53,"['C013', 'C003']",M087,53
U034,C015,2024-05-29 16:22:24,99,"['C018', 'C015']",M037,99
U034,C001,2024-01-29 16:22:24,62,"['C020', 'C008', 'C015', 'C012']",M048,62
U035,C016,2024-02-07 16:22:24,99,"['C005', 'C001', 'C014']",M099,99
U035,C001,2023-12-23 16:22:24,84,"['C011', 'C001']",M030,84
U035,C013,2024-09-20 16:22:24,96,"['C017', 'C008', 'C014']",M095,96
U035,C016,2024-06-22 16:22:24,59,"['C002', 'C008']",M008,59
U035,C017,2024-03-23 16:22:24,94,"['C019', 'C004']",M053,94
U035,C017,2024-10-05 16:22:24,90,"['C014', 'C005']",M018,90
U035,C008,2024-04-25 16:22:24,66,"['C011', 'C015', 'C009', 'C008']",M038,66
U035,C003,2024-01-18 16:22:24,58,"['C005', 'C004']",M026,58
U035,C006,2024-04-18 16:22:24,79,"['C018', 'C012']",M058,79
U035,C007,2024-06-30 16:22:24,69,"['C003', 'C006']",M058,69
U035,C010,2024-10-23 16:22:24,94,"['C011', 'C005', 'C003']",M091,94
U035,C008,2024-10-18 16:22:24,75,"['C009', 'C006', 'C001', 'C013']",M046,75
U035,C015,2024-07-08 16:22:24,97,"['C015', 'C004']",M072,97
U035,C005,2024-07-22 16:22:24,50,"['C007', 'C013', 'C012']",M016,50
U036,C003,2024-10-05 16:22:24,87,"['C003', 'C007']",M075,87
U036,C015,2024-09-11 16:22:24,55,"['C015', 'C002']",M017,55
U036,C006,2024-04-24 16:22:24,77,"['C001', 'C013', 'C014', 'C006', 'C012']",M074,77
U036,C007,2024-03-29 16:22:24,67,"['C002', 'C008', 'C010']",M024,67
U036,C016,2024-10-12 16:22:24,85,"['C009', 'C013']",M053,85
U036,C005,2024-02-17 16:22:24,62,"['C018', 'C001', 'C013']",M054,62
U036,C012,2024-03-09 16:22:24,84,"['C019', 'C017', 'C011', 'C013']",M062,84
U036,C009,2024-01-12 16:22:24,51,"['C001', 'C009', 'C002']",M024,51
U036,C016,2024-01-18 16:22:24,72,"['C006', 'C004', 'C008']",M068,72
U036,C008,2024-10-15 16:22:24,84,"['C019', 'C013', 'C012']",M035,84
U036,C006,2024-06-03 16:22:24,65,"['C019', 'C001', 'C012', 'C005']",M023,65
U036,C019,2024-06-07 16:22:24,81,"['C016', 'C002', 'C003']",M025,81
U036,C002,2024-11-02 16:22:24,88,"['C001', 'C011', 'C007', 'C005', 'C019']",M030,88
U036,C006,2024-08-29 16:22:24,53,"['C004', 'C017', 'C012']",M042,53
U036,C003,2024-04-24 16:22:24,95,"['C011', 'C010']",M048,95
U037,C005,2023-12-21 16:22:24,96,"['C011', 'C006', 'C018', 'C012', 'C008']",M021,96
U037,C019,2023-11-26 16:22:24,74,"['C005', 'C006', 'C001', 'C013']",M023,74
U037,C019,2024-06-03 16:22:24,61,"['C019', 'C004', 'C016']",M005,61
U037,C005,2024-07-14 16:22:24,97,"['C011', 'C006', 'C003', 'C020']",M043,97
U037,C015,2024-07-08 16:22:24,66,"['C012', 'C009']",M002,66
U037,C004,2024-04-29 16:22:24,50,"['C014', 'C006', 'C020', 'C016', 'C013']",M093,50
U037,C012,2024-03-12 16:22:24,74,"['C006', 'C015', 'C003']",M070,74
U037,C002,2024-07-02 16:22:24,51,"['C003', 'C011']",M038,51
U037,C006,2024-10-05 16:22:24,60,"['C011', 'C016']",M049,60
U037,C001,2024-01-07 16:22:24,91,"['C006', 'C002', 'C004', 'C011', 'C007']",M056,91
U038,C014,2024-02-10 16:22:24,85,"['C010', 'C020', 'C008', 'C004']",M090,85
U038,C002,2024-03-06 16:22:24,86,"['C002', 'C012', 'C001']",M051,86
U038,C014,2023-12-28 16:22:24,68,"['C007', 'C004', 'C001', 'C020', 'C006']",M012,68
U038,C010,2024-06-08 16:22:24,80,"['C016', 'C020', 'C009', 'C003', 'C013']",M011,80
U038,C006,2024-08-09 16:22:24,74,"['C002', 'C009', 'C015', 'C018', 'C019']",M048,74
U038,C008,2024-08-27 16:22:24,86,"['C003', 'C012']",M035,86
U038,C018,2024-07-19 16:22:24,98,"['C013', 'C017']",M053,98
U038,C014,2024-01-24 16:22:24,93,"['C016', 'C010', 'C003']",M069,93
U039,C002,2024-01-25 16:22:24,86,"['C004', 'C015', 'C006']",M065,86
U039,C006,2024-10-22 16:22:24,62,"['C003', 'C014', 'C007', 'C005', 'C009']",M028,62
U039,C011,2024-04-28 16:22:24,54,"['C018', 'C011', 'C009', 'C017', 'C015']",M094,54
U039,C001,2024-02-19 16:22:24,89,"['C004', 'C014', 'C005', 'C018', 'C020']",M090,89
U039,C004,2024-06-19 16:22:24,99,"['C014', 'C009', 'C013', 'C016']",M073,99
U039,C019,2024-08-16 16:22:24,80,"['C013', 'C005', 'C020', 'C002']",M078,80
U039,C013,2024-10-18 16:22:24,94,"['C009', 'C012', 'C001', 'C011', 'C010']",M043,94
U039,C010,2023-11-28 16:22:24,81,"['C008', 'C005']",M036,81
U039,C010,2024-06-01 16:22:24,78,"['C014', 'C003', 'C007', 'C015']",M096,78
U039,C007,2024-02-22 16:22:24,97,"['C002', 'C017', 'C006', 'C003']",M053,97
U039,C010,2024-09-04 16:22:24,82,"['C006', 'C007']",M091,82
U040,C002,2024-10-18 16:22:24,52,"['C007', 'C009', 'C012', 'C015']",M032,52
U040,C017,2023-11-30 16:22:24,90,"['C008', 'C012']",M051,90
U040,C016,2024-03-15 16:22:24,78,"['C012', 'C006', 'C009', 'C003']",M077,78
U040,C010,2024-08-21 16:22:24,74,"['C008', 'C020', 'C007']",M004,74
U040,C009,2024-11-02 16:22:24,76,"['C016', 'C005']",M084,76
U040,C006,2024-07-06 16:22:24,50,"['C009', 'C014', 'C013', 'C012']",M077,50
U040,C015,2024-06-11 16:22:24,63,"['C019', 'C004', 'C001', 'C017', 'C012']",M033,63
U040,C018,2024-06-21 16:22:24,88,"['C004', 'C016', 'C003', 'C011']",M083,88
U041,C011,2023-11-14 16:22:24,66,"['C007', 'C005', 'C017', 'C008']",M036,66
U041,C002,2024-06-02 16:22:24,75,"['C001', 'C016', 'C010']",M077,75
U041,C009,2024-10-25 16:22:24,75,"['C011', 'C008', 'C018']",M054,75
U041,C016,2024-06-12 16:22:24,72,"['C018', 'C006', 'C010']",M086,72
U041,C004,2024-07-03 16:22:24,58,"['C011', 'C003', 'C008']",M061,58
U041,C012,2024-04-11 16:22:24,97,"['C012', 'C009', 'C010', 'C015']",M029,97
U041,C004,2024-01-19 16:22:24,53,"['C016', 'C007']",M061,53
U041,C017,2024-02-15 16:22:24,93,"['C014', 'C002', 'C005', 'C018']",M016,93
U041,C007,2024-03-23 16:22:24,76,"['C011', 'C006', 'C003']",M044,76
U042,C011,2023-12-24 16:22:24,61,"['C001', 'C015']",M081,61
U042,C009,2024-08-18 16:22:24,98,"['C016', 'C003', 'C005']",M027,98
U042,C020,2024-04-20 16:22:24,90,"['C016', 'C013', 'C001', 'C002', 'C007']",M056,90
U042,C012,2024-02-15 16:22:24,70,"['C001', 'C020', 'C008']",M002,70
U042,C008,2024-09-07 16:22:24,72,"['C013', 'C017']",M089,72
U042,C019,2024-10-20 16:22:24,60,"['C010', 'C015', 'C017', 'C018']",M040,60
U042,C011,2024-05-21 16:22:24,93,"['C012', 'C007', 'C006', 'C013', 'C001']",M056,93
U042,C008,2024-07-27 16:22:24,96,"['C019', 'C017']",M029,96
U042,C006,2023-12-15 16:22:24,73,"['C013', 'C009']",M016,73
U042,C018,2024-10-19 16:22:24,53,"['C001', 'C002']",M080,53
U042,C004,2024-09-10 16:22:24,78,"['C016', 'C005', 'C007', 'C001']",M054,78
U042,C010,2023-12-09 16:22:24,92,"['C020', 'C005', 'C014', 'C004']",M054,92
U043,C020,2024-09-19 16:22:24,68,"['C007', 'C020', 'C009', 'C017', 'C019']",M016,68
U043,C012,2024-08-22 16:22:24,76,"['C018', 'C016']",M091,76
U043,C007,2024-07-15 16:22:24,80,"['C001', 'C003']",M089,80
U043,C004,2024-08-28 16:22:24,92,"['C017', 'C003']",M074,92
U043,C004,2024-03-24 16:22:24,91,"['C009', 'C015', 'C002', 'C004']",M033,91
U043,C006,2023-12-02 16:22:24,68,"['C014', 'C004', 'C019', 'C002']",M006,68
U043,C001,2024-08-17 16:22:24,92,"['C012', 'C015', 'C009', 'C003']",M018,92
U043,C012,2024-04-21 16:22:24,61,"['C015', 'C009', 'C013', 'C016', 'C014']",M044,61
U043,C006,2024-10-13 16:22:24,58,"['C004', 'C014', 'C016']",M015,58
U043,C019,2024-01-05 16:22:24,78,"['C012', 'C001', 'C005', 'C016', 'C017']",M087,78
U043,C004,2024-10-11 16:22:24,78,"['C011', 'C001', 'C017', 'C008']",M053,78
U043,C011,2023-11-20 16:22:24,83,"['C014', 'C008']",M067,83
U043,C016,2023-12-20 16:22:24,92,"['C005', 'C018', 'C002', 'C001', 'C006']",M045,92
U044,C016,2024-03-06 16:22:24,60,"['C008', 'C011', 'C009', 'C002']",M064,60
U044,C017,2024-05-03 16:22:24,85,"['C008', 'C003', 'C015', 'C018', 'C017']",M029,85
U044,C003,2024-09-13 16:22:24,78,"['C001', 'C004', 'C013', 'C014', 'C002']",M064,78
U044,C018,2024-01-08 16:22:24,50,"['C017', 'C018', 'C007', 'C015']",M071,50
U044,C011,2024-03-25 16:22:24,53,"['C018', 'C016', 'C012', 'C015']",M047,53
U044,C004,2024-07-22 16:22:24,98,"['C011', 'C012']",M013,98
U044,C010,2023-11-19 16:22:24,83,"['C002', 'C006']",M071,83
U044,C016,2024-04-17 16:22:24,95,"['C009', 'C007']",M018,95
U044,C007,2024-03-23 16:22:24,75,"['C011', 'C004', 'C014']",M016,75
U044,C002,2024-09-10 16:22:24,93,"['C015', 'C019', 'C017', 'C005', 'C016']",M082,93
U044,C001,2024-02-03 16:22:24,97,"['C019', 'C016', 'C017', 'C006', 'C018']",M068,97
U044,C005,2024-01-10 16:22:24,74,"['C017', 'C013', 'C014', 'C008']",M014,74
U044,C009,2024-03-26 16:22:24,71,"['C005', 'C014', 'C017']",M051,71
U045,C018,2024-02-03 16:22:24,95,"['C007', 'C020', 'C010']",M041,95
U045,C012,2023-12-16 16:22:24,58,"['C017', 'C018', 'C011']",M087,58
U045,C004,2024-03-12 16:22:24,72,"['C018', 'C010', 'C014', 'C001', 'C004']",M098,72
U045,C001,2023-12-05 16:22:24,59,"['C007', 'C009']",M049,59
U045,C006,2024-08-30 16:22:24,93,"['C010', 'C007']",M037,93
U045,C018,2024-09-21 16:22:24,72,"['C018', 'C013', 'C008']",M005,72
U045,C017,2023-12-08 16:22:24,68,"['C013', 'C020']",M090,68
U045,C014,2024-10-16 16:22:24,70,"['C009', 'C007']",M088,70
U045,C020,2023-12-24 16:22:24,78,"['C019', 'C018', 'C007', 'C020']",M100,78
U046,C015,2024-08-09 16:22:24,93,"['C017', 'C004', 'C013']",M023,93
U046,C002,2024-06-30 16:22:24,67,"['C006', 'C019', 'C009']",M055,67
U046,C001,2024-08-25 16:22:24,79,"['C005', 'C011']",M043,79
U046,C020,2024-01-02 16:22:24,99,"['C016', 'C019', 'C018', 'C012']",M007,99
U046,C003,2024-07-23 16:22:24,70,"['C017', 'C003', 'C020']",M091,70
U046,C006,2024-04-20 16:22:24,84,"['C012', 'C008']",M054,84
U046,C007,2024-05-12 16:22:24,71,"['C007', 'C017', 'C016', 'C001']",M085,71
U046,C004,2024-07-12 16:22:24,72,"['C002', 'C011', 'C013']",M086,72
U046,C004,2024-06-21 16:22:24,66,"['C017', 'C012']",M050,66
U047,C017,2024-06-14 16:22:24,81,"['C011', 'C017', 'C003']",M058,81
U047,C004,2024-02-13 16:22:24,99,"['C003', 'C007']",M022,99
U047,C007,2024-07-30 16:22:24,77,"['C003', 'C005', 'C001', 'C015', 'C011']",M088,77
U047,C002,2024-08-13 16:22:24,54,"['C018', 'C003', 'C008', 'C009']",M012,54
U047,C014,2024-04-19 16:22:24,78,"['C011', 'C001', 'C013', 'C004', 'C019']",M050,78
U047,C020,2024-01-18 16:22:24,98,"['C003', 'C012']",M009,98
U047,C017,2023-11-27 16:22:24,68,"['C020', 'C003', 'C010', 'C015']",M014,68
U047,C013,2024-03-15 16:22:24,92,"['C018', 'C008', 'C005']",M051,92
U047,C013,2024-08-31 16:22:24,68,"['C012', 'C001', 'C018', 'C005']",M070,68
U047,C004,2024-01-12 16:22:24,50,"['C018', 'C020', 'C003', 'C010', 'C007']",M006,50
U047,C012,2024-02-24 16:22:24,76,"['C006', 'C020', 'C008']",M028,76
U047,C020,2024-08-12 16:22:24,62,"['C018', 'C015']",M033,62
U047,C018,2024-10-09 16:22:24,68,"['C004', 'C007', 'C016', 'C011']",M010,68
U048,C005,2024-09-22 16:22:24,91,"['C020', 'C003', 'C007', 'C011']",M086,91
U048,C016,2023-12-11 16:22:24,71,"['C019', 'C005', 'C012', 'C011']",M058,71
U048,C014,2024-07-09 16:22:24,50,"['C014', 'C009', 'C012']",M022,50
U048,C005,2024-03-12 16:22:24,96,"['C015', 'C012', 'C010', 'C016', 'C004']",M087,96
U048,C006,2024-06-22 16:22:24,88,"['C018', 'C007', 'C009']",M083,88
U048,C003,2024-02-27 16:22:24,54,"['C019', 'C020']",M094,54
U048,C013,2024-10-25 16:22:24,87,"['C018', 'C020', 'C016', 'C005']",M099,87
U048,C012,2024-01-16 16:22:24,64,"['C005', 'C015', 'C017', 'C018']",M051,64
U048,C003,2024-11-07 16:22:24,73,"['C020', 'C006', 'C017']",M051,73
U048,C005,2024-01-28 16:22:24,60,"['C016', 'C012', 'C002']",M058,60
U049,C016,2024-05-07 16:22:24,54,"['C002', 'C007', 'C017']",M030,54
U049,C012,2024-10-20 16:22:24,80,"['C011', 'C004']",M050,80
U049,C017,2024-07-01 16:22:24,67,"['C013', 'C020', 'C012']",M082,67
U049,C019,2024-07-07 16:22:24,54,"['C008', 'C017', 'C013', 'C012', 'C019']",M084,54
U049,C016,2024-03-01 16:22:24,88,"['C015', 'C006', 'C008']",M062,88
U049,C003,2024-07-27 16:22:24,91,"['C006', 'C020', 'C012']",M066,91
U049,C020,2024-07-18 16:22:24,57,"['C011', 'C004', 'C016', 'C018', 'C017']",M092,57
U049,C007,2024-04-16 16:22:24,60,"['C008', 'C002']",M076,60
U050,C019,2023-12-26 16:22:24,60,"['C019', 'C005']",M076,60
U050,C002,2024-02-22 16:22:24,66,"['C020', 'C019', 'C001', 'C010', 'C003']",M022,66
U050,C007,2024-03-11 16:22:24,88,"['C008', 'C014', 'C005']",M058,88
U050,C019,2023-12-11 16:22:24,61,"['C006', 'C011', 'C015', 'C003']",M099,61
U050,C008,2024-09-18 16:22:24,74,"['C007', 'C017']",M049,74
U050,C017,2024-01-07 16:22:24,76,"['C006', 'C016']",M088,76
U050,C020,2024-02-14 16:22:24,52,"['C003', 'C016']",M077,52
U051,C005,2023-12-01 16:22:24,84,"['C017', 'C014', 'C012', 'C002', 'C019']",M078,84
U051,C008,2024-05-01 16:22:24,100,"['C019', 'C020', 'C004', 'C014']",M062,100
U051,C005,2024-07-16 16:22:24,80,"['C010', 'C018']",M033,80
U051,C014,2023-11-15 16:22:24,62,"['C019', 'C017']",M033,62
U051,C004,2023-12-13 16:22:24,50,"['C011', 'C014', 'C012']",M067,50
U051,C004,2024-01-18 16:22:24,77,"['C009', 'C018', 'C014', 'C012']",M020,77
U051,C020,2024-07-31 16:22:24,93,"['C018', 'C020', 'C016', 'C006', 'C012']",M036,93
U051,C018,2024-06-08 16:22:24,80,"['C013', 'C005', 'C004', 'C008']",M072,80
U051,C015,2024-07-26 16:22:24,60,"['C011', 'C018', 'C002', 'C006', 'C013']",M090,60
U051,C001,2024-01-10 16:22:24,59,"['C003', 'C020', 'C009', 'C008', 'C012']",M012,59
U051,C003,2024-04-30 16:22:24,52,"['C020', 'C017', 'C010', 'C002', 'C006']",M078,52
U051,C016,2023-12-12 16:22:24,50,"['C007', 'C002', 'C017', 'C018']",M057,50
U051,C008,2024-10-25 16:22:24,60,"['C008', 'C001', 'C006', 'C003']",M079,60
U051,C009,2023-12-06 16:22:24,75,"['C013', 'C019', 'C007', 'C017', 'C001']",M100,75
U051,C003,2024-01-31 16:22:24,85,"['C012', 'C009', 'C008', 'C007']",M012,85
U052,C013,2024-08-15 16:22:24,50,"['C017', 'C004', 'C018', 'C003', 'C010']",M074,50
U052,C011,2024-02-11 16:22:24,82,"['C015', 'C013', 'C016', 'C008']",M015,82
U052,C011,2024-03-22 16:22:24,79,"['C016', 'C004']",M100,79
U052,C009,2024-07-23 16:22:24,74,"['C011', 'C014', 'C012']",M009,74
U052,C017,2024-07-01 16:22:24,50,"['C010', 'C003', 'C013']",M069,50
U052,C011,2024-03-14 16:22:24,85,"['C012', 'C007', 'C009', 'C006']",M010,85
U052,C007,2024-07-15 16:22:24,97,"['C009', 'C007', 'C008']",M064,97
U052,C007,2024-08-25 16:22:24,89,"['C004', 'C003']",M032,89
U052,C016,2024-02-09 16:22:24,50,"['C016', 'C012']",M079,50
U052,C020,2024-06-25 16:22:24,81,"['C006', 'C017', 'C009', 'C013', 'C008']",M041,81
U052,C019,2024-04-10 16:22:24,53,"['C018', 'C002', 'C017', 'C012', 'C013']",M017,53
U052,C006,2024-02-21 16:22:24,57,"['C011', 'C001', 'C019', 'C007', 'C013']",M059,57
U053,C004,2024-07-03 16:22:24,73,"['C018', 'C009', 'C008']",M042,73
U053,C009,2024-05-09 16:22:24,89,"['C016', 'C014', 'C007']",M061,89
U053,C014,2024-05-10 16:22:24,98,"['C009', 'C015', 'C006', 'C005', 'C008']",M090,98
U053,C004,2024-02-02 16:22:24,67,"['C013', 'C007', 'C005', 'C018', 'C016']",M093,67
U053,C001,2024-09-05 16:22:24,76,"['C016', 'C010', 'C009', 'C002']",M023,76
U053,C013,2024-10-13 16:22:24,94,"['C009', 'C016', 'C004']",M013,94
U053,C015,2024-05-12 16:22:24,71,"['C018', 'C020', 'C009', 'C012']",M096,71
U053,C001,2023-12-01 16:22:24,57,"['C019', 'C020', 'C018']",M053,57
U053,C006,2024-05-30 16:22:24,68,"['C015', 'C003', 'C013', 'C010', 'C020']",M100,68
U053,C005,2024-04-11 16:22:24,90,"['C003', 'C020', 'C006', 'C011', 'C008']",M022,90
U053,C011,2023-11-15 16:22:24,91,"['C020', 'C013', 'C009', 'C015']",M041,91
U053,C012,2024-03-27 16:22:24,87,"['C006', 'C020', 'C001', 'C005', 'C008']",M096,87
U053,C009,2024-10-03 16:22:24,94,"['C006', 'C013', 'C004']",M096,94
U053,C004,2024-10-16 16:22:24,80,"['C013', 'C017']",M009,80
U054,C004,2024-09-30 16:22:24,89,"['C010', 'C008', 'C019', 'C020', 'C015']",M034,89
U054,C005,2024-10-29 16:22:24,83,"['C012', 'C011']",M017,83
U054,C016,2024-02-06 16:22:24,84,"['C005', 'C018', 'C006', 'C015', 'C014']",M060,84
U054,C017,2024-06-07 16:22:24,90,"['C016', 'C018', 'C008', 'C003']",M082,90
U054,C015,2024-07-02 16:22:24,73,"['C010', 'C001', 'C019']",M040,73
U054,C017,2024-06-19 16:22:24,58,"['C018', 'C001', 'C016', 'C020', 'C010']",M098,58
U055,C014,2024-11-09 16:22:24,88,"['C007', 'C014', 'C018', 'C019']",M038,88
U055,C013,2023-12-18 16:22:24,60,"['C013', 'C008', 'C009', 'C003', 'C014']",M032,60
U055,C008,2023-11-23 16:22:24,98,"['C010', 'C018', 'C009', 'C014']",M067,98
U055,C007,2024-06-17 16:22:24,61,"['C015', 'C020']",M009,61
U055,C009,2024-08-08 16:22:24,89,"['C001', 'C005', 'C002', 'C020']",M090,89
U056,C004,2024-04-02 16:22:24,67,"['C008', 'C003']",M037,67
U056,C005,2024-05-21 16:22:24,81,"['C010', 'C016', 'C012', 'C015', 'C002']",M002,81
U056,C011,2024-10-15 16:22:24,98,"['C013', 'C003', 'C018', 'C016']",M011,98
U056,C006,2024-11-06 16:22:24,66,"['C008', 'C013']",M025,66
U056,C015,2024-08-03 16:22:24,97,"['C004', 'C017', 'C007', 'C016', 'C013']",M032,97
U056,C010,2024-10-22 16:22:24,60,"['C009', 'C016']",M042,60
U056,C010,2023-12-07 16:22:24,73,"['C004', 'C008', 'C014']",M026,73
U057,C001,2024-01-18 16:22:24,100,"['C013', 'C008']",M022,100
U057,C001,2023-11-25 16:22:24,87,"['C020', 'C005', 'C012', 'C003', 'C008']",M006,87
U057,C006,2024-01-01 16:22:24,55,"['C002', 'C020', 'C012', 'C005']",M064,55
U057,C018,2024-07-16 16:22:24,58,"['C018', 'C012', 'C015', 'C007']",M014,58
U057,C001,2024-09-05 16:22:24,74,"['C002', 'C016', 'C015', 'C010']",M089,74
U057,C018,2024-01-27 16:22:24,81,"['C018', 'C012', 'C011']",M090,81
U057,C015,2024-08-22 16:22:24,88,"['C017', 'C005']",M036,88
U057,C015,2024-05-09 16:22:24,66,"['C001', 'C017', 'C013', 'C006', 'C020']",M038,66
U057,C020,2024-07-13 16:22:24,99,"['C003', 'C018', 'C013', 'C007']",M047,99
U057,C017,2024-02-04 16:22:24,81,"['C020', 'C010', 'C011']",M088,81
U058,C011,2023-12-11 16:22:24,56,"['C002', 'C005']",M015,56
U058,C006,2024-03-09 16:22:24,62,"['C004', 'C002', 'C013']",M005,62
U058,C016,2024-01-15 16:22:24,89,"['C002', 'C012', 'C008', 'C003']",M068,89
U058,C001,2024-10-03 16:22:24,91,"['C002', 'C012', 'C018', 'C014', 'C019']",M027,91
U058,C002,2024-10-23 16:22:24,67,"['C010', 'C003']",M079,67
U058,C007,2024-07-17 16:22:24,56,"['C007', 'C020', 'C017', 'C008', 'C006']",M067,56
U058,C018,2024-09-19 16:22:24,85,"['C015', 'C014', 'C004', 'C006']",M096,85
U058,C006,2024-05-24 16:22:24,75,"['C018', 'C015', 'C012']",M071,75
U058,C011,2024-04-15 16:22:24,70,"['C011', 'C008', 'C018', 'C007', 'C013']",M071,70
U058,C018,2024-03-26 16:22:24,66,"['C013', 'C001', 'C002', 'C010', 'C019']",M096,66
U058,C017,2024-06-12 16:22:24,69,"['C007', 'C011', 'C001']",M018,69
U059,C018,2024-01-25 16:22:24,85,"['C004', 'C002', 'C015']",M066,85
U059,C012,2024-05-09 16:22:24,58,"['C008', 'C009', 'C010']",M020,58
U059,C003,2024-07-24 16:22:24,75,"['C011', 'C016']",M074,75
U059,C006,2024-01-22 16:22:24,94,"['C020', 'C010']",M063,94
U059,C002,2024-10-03 16:22:24,86,"['C011', 'C012']",M094,86
U059,C014,2024-07-19 16:22:24,57,"['C013', 'C002']",M054,57
U059,C010,2024-02-10 16:22:24,52,"['C011', 'C017', 'C008']",M068,52
U059,C005,2024-04-25 16:22:24,93,"['C020', 'C019', 'C017', 'C003', 'C008']",M007,93
U059,C014,2024-08-29 16:22:24,100,"['C011', 'C003', 'C016']",M038,100
U060,C002,2024-09-30 16:22:24,75,"['C017', 'C014', 'C005', 'C018', 'C016']",M071,75
U060,C018,2023-12-15 16:22:24,81,"['C018', 'C017', 'C008']",M026,81
U060,C008,2024-04-06 16:22:24,67,"['C019', 'C003', 'C004', 'C014']",M010,67
U060,C014,2024-06-01 16:22:24,72,"['C020', 'C001', 'C010', 'C006']",M047,72
U060,C012,2024-08-30 16:22:24,78,"['C002', 'C008', 'C007', 'C012', 'C005']",M079,78
U060,C003,2024-07-11 16:22:24,97,"['C010', 'C001', 'C011']",M015,97
U060,C004,2024-11-01 16:22:24,78,"['C007', 'C018', 'C020', 'C019']",M040,78
U060,C018,2024-02-06 16:22:24,98,"['C020', 'C005', 'C001', 'C013', 'C002']",M067,98
U060,C009,2024-08-02 16:22:24,53,"['C002', 'C015', 'C001', 'C003']",M022,53
U060,C013,2023-12-11 16:22:24,67,"['C004', 'C001', 'C010', 'C013']",M085,67
U060,C008,2024-09-23 16:22:24,82,"['C016', 'C018', 'C003', 'C006']",M049,82
U060,C007,2023-11-14 16:22:24,79,"['C002', 'C008']",M065,79
U060,C017,2024-04-25 16:22:24,71,"['C001', 'C012', 'C019']",M040,71
U060,C012,2024-03-01 16:22:24,69,"['C002', 'C009', 'C013', 'C001']",M081,69
U061,C009,2024-04-25 16:22:24,59,"['C003', 'C013', 'C017']",M029,59
U061,C020,2024-04-13 16:22:24,93,"['C019', 'C005', 'C014']",M081,93
U061,C010,2024-02-09 16:22:24,71,"['C007', 'C005', 'C018']",M078,71
U061,C007,2023-11-17 16:22:24,69,"['C014', 'C005', 'C006']",M018,69
U061,C011,2024-09-13 16:22:24,85,"['C011', 'C005', 'C001']",M009,85
U061,C011,2024-03-31 16:22:24,76,"['C005', 'C007', 'C004', 'C020']",M053,76
U061,C006,2024-01-02 16:22:24,98,"['C020', 'C019', 'C008', 'C018']",M004,98
U061,C008,2024-10-03 16:22:24,51,"['C005', 'C017', 'C016', 'C012', 'C006']",M088,51
U061,C013,2024-08-21 16:22:24,80,"['C008', 'C002', 'C014']",M063,80
U061,C001,2023-12-05 16:22:24,76,"['C007', 'C003', 'C006']",M035,76
U061,C015,2024-05-30 16:22:24,81,"['C008', 'C014', 'C013', 'C002', 'C018']",M079,81
U061,C011,2024-01-25 16:22:24,89,"['C017', 'C004']",M051,89
U061,C015,2024-02-21 16:22:24,52,"['C002', 'C018', 'C013', 'C017', 'C020']",M059,52
U062,C010,2024-06-19 16:22:24,75,"['C006', 'C014', 'C010', 'C002', 'C005']",M057,75
U062,C015,2024-03-01 16:22:24,78,"['C006', 'C019']",M083,78
U062,C018,2024-05-31 16:22:24,75,"['C001', 'C006', 'C015', 'C007', 'C018']",M018,75
U062,C003,2023-12-16 16:22:24,70,"['C004', 'C003', 'C020']",M033,70
U062,C015,2024-02-18 16:22:24,73,"['C017', 'C006', 'C013', 'C018', 'C002']",M082,73
U062,C006,2024-08-28 16:22:24,86,"['C005', 'C006', 'C002']",M043,86
U062,C014,2024-03-29 16:22:24,69,"['C006', 'C004', 'C005', 'C007']",M040,69
U062,C001,2024-11-06 16:22:24,98,"['C016', 'C020', 'C018', 'C001', 'C019']",M080,98
U063,C007,2024-03-25 16:22:24,92,"['C015', 'C003', 'C001', 'C008', 'C009']",M076,92
U063,C020,2024-10-18 16:22:24,85,"['C005', 'C002', 'C012']",M081,85
U063,C002,2024-01-22 16:22:24,52,"['C011', 'C003', 'C002', 'C004']",M019,52
U063,C014,2024-06-20 16:22:24,60,"['C015', 'C019', 'C012']",M023,60
U063,C002,2024-05-31 16:22:24,99,"['C013', 'C003', 'C014', 'C019']",M012,99
U063,C010,2023-11-23 16:22:24,58,"['C011', 'C017', 'C014', 'C019']",M061,58
U063,C007,2024-10-14 16:22:24,63,"['C019', 'C017']",M090,63
U063,C003,2024-01-08 16:22:24,96,"['C014', 'C011', 'C009', 'C017']",M062,96
U064,C020,2024-01-29 16:22:24,58,"['C017', 'C016', 'C019', 'C006', 'C008']",M046,58
U064,C010,2024-10-31 16:22:24,50,"['C004', 'C007', 'C014', 'C018', 'C002']",M025,50
U064,C011,2024-07-27 16:22:24,85,"['C007', 'C010']",M045,85
U064,C009,2024-02-27 16:22:24,69,"['C001', 'C004', 'C011', 'C018']",M009,69
U064,C013,2024-10-29 16:22:24,86,"['C007', 'C011', 'C019']",M093,86
U064,C016,2024-09-04 16:22:24,52,"['C005', 'C015', 'C018', 'C011', 'C019']",M061,52
U064,C014,2024-06-12 16:22:24,53,"['C018', 'C020', 'C001', 'C007']",M096,53
U064,C019,2024-10-10 16:22:24,71,"['C009', 'C001', 'C011']",M088,71
U064,C013,2024-01-25 16:22:24,84,"['C006', 'C004', 'C010', 'C011', 'C002']",M081,84
U064,C009,2024-07-14 16:22:24,55,"['C015', 'C010', 'C007', 'C017']",M053,55
U064,C010,2024-10-24 16:22:24,57,"['C003', 'C015', 'C017']",M023,57
U064,C001,2024-08-07 16:22:24,82,"['C016', 'C017', 'C010', 'C011']",M062,82
U064,C005,2023-12-02 16:22:24,56,"['C007', 'C002', 'C015']",M099,56
U064,C013,2024-11-10 16:22:24,83,"['C002', 'C003', 'C011', 'C015']",M092,83
U065,C004,2024-06-06 16:22:24,99,"['C019', 'C010']",M067,99
U065,C007,2024-06-19 16:22:24,62,"['C018', 'C011', 'C015', 'C004']",M042,62
U065,C009,2024-09-15 16:22:24,60,"['C020', 'C018']",M020,60
U065,C017,2024-05-17 16:22:24,63,"['C009', 'C005', 'C010', 'C008']",M014,63
U065,C006,2024-05-23 16:22:24,69,"['C002', 'C005', 'C001', 'C016', 'C020']",M010,69
U066,C013,2024-04-26 16:22:24,55,"['C020', 'C019', 'C015']",M007,55
U066,C020,2024-08-03 16:22:24,69,"['C015', 'C019']",M046,69
U066,C005,2024-09-24 16:22:24,94,"['C010', 'C015', 'C016', 'C008', 'C017']",M012,94
U066,C005,2024-04-26 16:22:24,66,"['C011', 'C020', 'C015']",M079,66
U066,C016,2024-09-16 16:22:24,54,"['C016', 'C015', 'C006', 'C010']",M004,54
U066,C012,2024-02-26 16:22:24,86,"['C013', 'C004']",M078,86
U067,C018,2024-02-14 16:22:24,54,"['C013', 'C019', 'C014', 'C008', 'C017']",M084,54
U067,C018,2024-10-10 16:22:24,80,"['C007', 'C019', 'C014', 'C018']",M021,80
U067,C019,2024-07-15 16:22:24,84,"['C003', 'C019', 'C016']",M044,84
U067,C004,2024-05-30 16:22:24,88,"['C015', 'C006']",M076,88
U067,C010,2024-09-18 16:22:24,54,"['C011', 'C016', 'C002', 'C003', 'C007']",M052,54
U067,C005,2024-11-12 16:22:24,98,"['C005', 'C015', 'C018']",M075,98
U067,C010,2024-03-29 16:22:24,89,"['C007', 'C011', 'C010']",M050,89
U067,C019,2024-05-20 16:22:24,69,"['C019', 'C001']",M087,69
U067,C020,2024-06-15 16:22:24,75,"['C012', 'C018']",M066,75
U067,C002,2024-05-13 16:22:24,95,"['C010', 'C001']",M001,95
U068,C014,2023-12-28 16:22:24,87,"['C013', 'C020', 'C019', 'C014']",M090,87
U068,C018,2024-03-14 16:22:24,92,"['C007', 'C018', 'C013']",M028,92
U068,C012,2023-12-05 16:22:24,59,"['C005', 'C001', 'C003']",M054,59
U068,C001,2023-12-12 16:22:24,96,"['C005', 'C003', 'C020', 'C014', 'C015']",M019,96
U068,C020,2024-03-25 16:22:24,89,"['C018', 'C015', 'C013', 'C012', 'C008']",M055,89
U068,C006,2024-01-22 16:22:24,88,"['C008', 'C017', 'C009', 'C014', 'C012']",M055,88
U068,C002,2023-11-18 16:22:24,86,"['C004', 'C019', 'C016', 'C003']",M005,86
U068,C005,2024-06-22 16:22:24,96,"['C017', 'C003', 'C020', 'C019', 'C008']",M094,96
U069,C003,2024-01-21 16:22:24,90,"['C020', 'C002', 'C011', 'C001']",M088,90
U069,C016,2024-01-24 16:22:24,82,"['C014', 'C012', 'C010', 'C018']",M059,82
U069,C006,2024-06-10 16:22:24,94,"['C002', 'C016', 'C006', 'C020']",M005,94
U069,C010,2024-06-19 16:22:24,89,"['C003', 'C005', 'C017', 'C020', 'C009']",M095,89
U069,C009,2024-06-25 16:22:24,89,"['C001', 'C004', 'C006', 'C005']",M017,89
U069,C015,2023-11-20 16:22:24,61,"['C016', 'C006', 'C017']",M048,61
U069,C002,2024-01-13 16:22:24,55,"['C016', 'C014', 'C013']",M044,55
U069,C008,2023-12-22 16:22:24,78,"['C007', 'C019', 'C012']",M085,78
U069,C002,2024-09-14 16:22:24,66,"['C006', 'C015']",M083,66
U069,C013,2024-02-14 16:22:24,69,"['C013', 'C020', 'C016']",M061,69
U069,C009,2024-11-06 16:22:24,83,"['C015', 'C013', 'C011', 'C017']",M019,83
U069,C002,2024-05-15 16:22:24,84,"['C020', 'C009', 'C011', 'C019', 'C017']",M013,84
U070,C009,2024-03-21 16:22:24,87,"['C019', 'C007', 'C017']",M084,87
U070,C011,2024-06-05 16:22:24,94,"['C001', 'C003']",M087,94
U070,C001,2024-09-20 16:22:24,56,"['C012', 'C008', 'C010', 'C009', 'C007']",M053,56
U070,C002,2024-10-14 16:22:24,89,"['C020', 'C004', 'C019']",M004,89
U070,C003,2023-12-12 16:22:24,58,"['C004', 'C006', 'C009']",M078,58
U070,C010,2023-12-21 16:22:24,92,"['C009', 'C014', 'C011', 'C020', 'C006']",M060,92
U071,C009,2024-04-28 16:22:24,53,"['C002', 'C009', 'C019', 'C006']",M100,53
U071,C015,2024-01-05 16:22:24,81,"['C006', 'C016', 'C004', 'C005', 'C014']",M009,81
U071,C007,2024-03-31 16:22:24,91,"['C004', 'C002', 'C003', 'C018']",M079,91
U071,C019,2024-03-29 16:22:24,66,"['C016', 'C005']",M094,66
U071,C001,2024-06-29 16:22:24,92,"['C011', 'C013', 'C001']",M005,92
U071,C017,2024-03-13 16:22:24,99,"['C013', 'C003', 'C018', 'C008', 'C001']",M091,99
U072,C016,2024-05-13 16:22:24,86,"['C010', 'C013', 'C002', 'C003']",M016,86
U072,C012,2024-03-22 16:22:24,71,"['C007', 'C006', 'C018', 'C002']",M069,71
U072,C013,2023-11-22 16:22:24,62,"['C004', 'C012', 'C016', 'C003', 'C015']",M085,62
U072,C007,2024-10-31 16:22:24,52,"['C016', 'C013', 'C003']",M018,52
U072,C018,2024-02-13 16:22:24,69,"['C001', 'C002', 'C011', 'C019', 'C018']",M083,69
U072,C002,2023-12-14 16:22:24,57,"['C018', 'C005', 'C008', 'C003', 'C002']",M052,57
U072,C005,2024-03-16 16:22:24,91,"['C008', 'C005']",M063,91
U072,C001,2024-06-08 16:22:24,90,"['C015', 'C006']",M023,90
U072,C019,2024-03-03 16:22:24,56,"['C003', 'C007', 'C014']",M009,56
U072,C011,2024-05-30 16:22:24,93,"['C019', 'C018']",M095,93
U072,C005,2024-10-20 16:22:24,100,"['C011', 'C003', 'C004']",M042,100
U073,C005,2023-11-22 16:22:24,76,"['C018', 'C006', 'C015', 'C008']",M097,76
U073,C019,2023-12-25 16:22:24,58,"['C006', 'C001', 'C016', 'C003', 'C019']",M006,58
U073,C001,2023-12-15 16:22:24,55,"['C014', 'C016', 'C005', 'C007']",M023,55
U073,C005,2024-03-27 16:22:24,67,"['C008', 'C006', 'C002', 'C019', 'C016']",M082,67
U073,C020,2024-06-11 16:22:24,90,"['C014', 'C001', 'C018', 'C008']",M012,90
U073,C007,2024-01-01 16:22:24,83,"['C018', 'C017', 'C008', 'C015']",M016,83
U073,C007,2024-09-16 16:22:24,53,"['C016', 'C020', 'C006']",M036,53
U073,C006,2023-12-18 16:22:24,52,"['C010', 'C007', 'C014', 'C009']",M086,52
U073,C011,2024-10-21 16:22:24,98,"['C002', 'C018']",M079,98
U074,C006,2024-09-14 16:22:24,81,"['C008', 'C015']",M004,81
U074,C019,2024-08-03 16:22:24,70,"['C008', 'C004', 'C011', 'C020']",M075,70
U074,C004,2024-08-02 16:22:24,97,"['C008', 'C003', 'C016', 'C018', 'C002']",M031,97
U074,C014,2024-03-25 16:22:24,63,"['C013', 'C012', 'C005']",M019,63
U074,C015,2024-05-13 16:22:24,62,"['C007', 'C011', 'C005', 'C002']",M093,62
U074,C019,2024-09-17 16:22:24,67,"['C015', 'C014', 'C006', 'C011', 'C008']",M008,67
U074,C010,2024-01-04 16:22:24,60,"['C019', 'C018', 'C008']",M078,60
U075,C014,2024-01-15 16:22:24,81,"['C015', 'C009', 'C001', 'C014', 'C008']",M067,81
U075,C008,2024-07-22 16:22:24,77,"['C019', 'C001', 'C014']",M042,77
U075,C002,2024-02-28 16:22:24,80,"['C014', 'C017']",M006,80
U075,C013,2024-03-26 16:22:24,94,"['C008', 'C003', 'C018', 'C001', 'C014']",M062,94
U075,C007,2024-07-13 16:22:24,72,"['C001', 'C016']",M017,72
U075,C010,2024-01-25 16:22:24,95,"['C015', 'C020']",M021,95
U076,C013,2023-12-28 16:22:24,100,"['C001', 'C003', 'C013', 'C011', 'C002']",M024,100
U076,C010,2023-11-21 16:22:24,98,"['C003', 'C011', 'C002']",M055,98
U076,C017,2024-09-17 16:22:24,73,"['C012', 'C015', 'C002', 'C020', 'C017']",M087,73
U076,C006,2024-10-09 16:22:24,85,"['C005', 'C011', 'C008']",M083,85
U076,C018,2024-01-20 16:22:24,91,"['C008', 'C011', 'C012']",M015,91
U076,C009,2024-06-24 16:22:24,93,"['C003', 'C012']",M065,93
U076,C012,2024-02-17 16:22:24,81,"['C016', 'C018']",M058,81
U077,C018,2024-05-08 16:22:24,78,"['C007', 'C015']",M038,78
U077,C003,2024-06-18 16:22:24,75,"['C004', 'C006']",M011,75
U077,C009,2024-03-03 16:22:24,94,"['C007', 'C017', 'C001']",M015,94
U077,C010,2024-09-06 16:22:24,93,"['C012', 'C014', 'C015', 'C001', 'C010']",M054,93
U077,C007,2024-02-20 16:22:24,51,"['C014', 'C019', 'C011', 'C018']",M009,51
U077,C016,2024-02-15 16:22:24,92,"['C015', 'C010', 'C005', 'C019', 'C006']",M076,92
U077,C009,2024-06-18 16:22:24,80,"['C005', 'C012']",M030,80
U077,C010,2024-08-22 16:22:24,60,"['C006', 'C020', 'C005', 'C019']",M059,60
U077,C008,2024-01-23 16:22:24,52,"['C015', 'C009', 'C012']",M015,52
U077,C006,2024-10-26 16:22:24,85,"['C012', 'C005', 'C020', 'C015']",M027,85
U077,C018,2024-09-11 16:22:24,84,"['C013', 'C016']",M021,84
U077,C005,2024-11-10 16:22:24,70,"['C010', 'C016', 'C020', 'C005']",M059,70
U077,C019,2023-11-26 16:22:24,78,"['C016', 'C002']",M094,78
U077,C005,2024-06-08 16:22:24,85,"['C013', 'C008']",M087,85
U077,C015,2024-10-15 16:22:24,55,"['C019', 'C017', 'C008']",M046,55
U078,C007,2024-03-29 16:22:24,55,"['C017', 'C013']",M003,55
U078,C007,2024-01-08 16:22:24,70,"['C012', 'C013']",M063,70
U078,C005,2024-04-29 16:22:24,77,"['C001', 'C010', 'C012', 'C018']",M092,77
U078,C010,2024-07-25 16:22:24,85,"['C014', 'C015', 'C010', 'C006', 'C020']",M058,85
U078,C014,2024-09-29 16:22:24,87,"['C007', 'C010', 'C016']",M018,87
U078,C017,2024-05-04 16:22:24,54,"['C001', 'C014']",M043,54
U078,C009,2024-03-21 16:22:24,61,"['C007', 'C006', 'C013']",M054,61
U078,C010,2024-06-11 16:22:24,81,"['C016', 'C018', 'C015', 'C008']",M071,81
U078,C001,2024-06-12 16:22:24,59,"['C004', 'C010', 'C014', 'C006', 'C016']",M001,59
U079,C008,2024-06-24 16:22:24,57,"['C003', 'C012', 'C016', 'C014', 'C009']",M004,57
U079,C016,2024-02-24 16:22:24,57,"['C009', 'C006']",M089,57
U079,C019,2024-03-21 16:22:24,59,"['C012', 'C006', 'C002']",M008,59
U079,C009,2024-05-14 16:22:24,76,"['C010', 'C020']",M047,76
U079,C017,2024-08-05 16:22:24,54,"['C004', 'C006', 'C018']",M082,54
U079,C011,2024-06-27 16:22:24,93,"['C004', 'C018', 'C012', 'C005']",M041,93
U079,C001,2024-05-06 16:22:24,83,"['C014', 'C011', 'C006', 'C004', 'C007']",M018,83
U079,C005,2024-01-31 16:22:24,64,"['C014', 'C015']",M065,64
U079,C003,2024-03-12 16:22:24,58,"['C010', 'C012', 'C005', 'C015']",M015,58
U079,C020,2024-08-16 16:22:24,98,"['C001', 'C004', 'C008', 'C005']",M067,98
U079,C005,2024-09-09 16:22:24,64,"['C005', 'C003', 'C014']",M089,64
U079,C004,2024-03-10 16:22:24,51,"['C002', 'C007', 'C004', 'C020', 'C017']",M010,51
U079,C016,2024-10-10 16:22:24,66,"['C001', 'C004', 'C019', 'C007']",M016,66
U079,C019,2024-05-17 16:22:24,61,"['C003', 'C005']",M026,61
U079,C009,2024-08-22 16:22:24,72,"['C017', 'C019', 'C003']",M075,72
U080,C019,2024-07-24 16:22:24,50,"['C010', 'C006', 'C018']",M098,50
U080,C001,2024-02-28 16:22:24,56,"['C012', 'C019', 'C006', 'C015', 'C004']",M093,56
U080,C006,2024-07-26 16:22:24,74,"['C014', 'C004', 'C011']",M046,74
U080,C004,2024-09-04 16:22:24,57,"['C012', 'C010', 'C018', 'C002', 'C003']",M060,57
U080,C011,2024-06-20 16:22:24,57,"['C020', 'C010', 'C015', 'C008', 'C014']",M064,57
U080,C010,2024-03-14 16:22:24,62,"['C006', 'C001', 'C016', 'C004']",M055,62
U081,C015,2024-09-30 16:22:24,92,"['C005', 'C013']",M067,92
U081,C013,2024-08-18 16:22:24,87,"['C012', 'C007']",M089,87
U081,C011,2024-09-11 16:22:24,88,"['C014', 'C016', 'C009']",M026,88
U081,C019,2023-12-19 16:22:24,67,"['C012', 'C016', 'C013', 'C019', 'C009']",M076,67
U081,C005,2024-09-11 16:22:24,79,"['C016', 'C020', 'C008', 'C005']",M099,79
U081,C001,2024-10-09 16:22:24,97,"['C001', 'C006', 'C013', 'C011', 'C005']",M013,97
U081,C010,2024-10-04 16:22:24,89,"['C015', 'C007', 'C010', 'C016', 'C017']",M080,89
U081,C017,2024-02-10 16:22:24,84,"['C002', 'C014']",M034,84
U081,C004,2024-05-04 16:22:24,78,"['C015', 'C002', 'C019', 'C006', 'C010']",M050,78
U081,C006,2024-06-06 16:22:24,77,"['C016', 'C004', 'C020', 'C018', 'C017']",M063,77
U081,C018,2024-04-26 16:22:24,82,"['C016', 'C019', 'C013', 'C012']",M021,82
U082,C011,2024-10-20 16:22:24,51,"['C012', 'C020', 'C001']",M008,51
U082,C011,2024-05-20 16:22:24,56,"['C014', 'C012', 'C002', 'C008']",M049,56
U082,C008,2024-01-14 16:22:24,91,"['C003', 'C010']",M031,91
U082,C004,2024-02-11 16:22:24,60,"['C002', 'C015', 'C014', 'C017']",M044,60
U082,C014,2024-03-17 16:22:24,51,"['C011', 'C013']",M035,51
U082,C019,2024-09-23 16:22:24,70,"['C004', 'C007', 'C011', 'C016', 'C018']",M050,70
U082,C006,2024-04-03 16:22:24,69,"['C016', 'C003', 'C018']",M079,69
U082,C007,2024-06-13 16:22:24,66,"['C008', 'C003', 'C004', 'C011', 'C009']",M037,66
U082,C003,2024-04-08 16:22:24,83,"['C012', 'C003', 'C010']",M073,83
U083,C010,2024-06-05 16:22:24,92,"['C014', 'C013', 'C009']",M056,92
U083,C020,2024-02-06 16:22:24,79,"['C001', 'C017', 'C006']",M066,79
U083,C019,2024-03-18 16:22:24,63,"['C018', 'C014', 'C002', 'C017']",M064,63
U083,C007,2024-07-12 16:22:24,79,"['C010', 'C014', 'C019']",M047,79
U083,C011,2024-04-15 16:22:24,90,"['C010', 'C006', 'C009', 'C008']",M009,90
U083,C013,2024-08-06 16:22:24,57,"['C008', 'C010']",M031,57
U083,C015,2024-04-10 16:22:24,85,"['C007', 'C006']",M063,85
U083,C009,2024-06-23 16:22:24,51,"['C002', 'C016', 'C001']",M018,51
U083,C002,2024-06-13 16:22:24,70,"['C014', 'C012']",M011,70
U083,C003,2024-07-15 16:22:24,96,"['C019', 'C017']",M051,96
U083,C004,2024-02-18 16:22:24,92,"['C016', 'C003', 'C008', 'C004']",M067,92
U083,C011,2024-04-27 16:22:24,87,"['C014', 'C007', 'C005']",M043,87
U083,C004,2024-04-01 16:22:24,63,"['C009', 'C019', 'C002', 'C016', 'C012']",M023,63
U084,C011,2023-11-29 16:22:24,77,"['C009', 'C005', 'C012']",M070,77
U084,C016,2024-11-02 16:22:24,73,"['C002', 'C008']",M092,73
U084,C009,2023-12-21 16:22:24,74,"['C004', 'C018', 'C008', 'C015']",M071,74
U084,C013,2024-06-11 16:22:24,75,"['C008', 'C010']",M002,75
U084,C007,2024-06-03 16:22:24,78,"['C002', 'C009', 'C003', 'C016', 'C017']",M021,78
U084,C014,2024-09-22 16:22:24,95,"['C009', 'C017', 'C003']",M043,95
U085,C014,2024-05-29 16:22:24,96,"['C001', 'C002', 'C006', 'C015', 'C005']",M078,96
U085,C001,2024-06-09 16:22:24,62,"['C019', 'C003', 'C004', 'C006']",M052,62
U085,C008,2023-12-16 16:22:24,95,"['C020', 'C014', 'C011']",M067,95
U085,C015,2024-07-02 16:22:24,97,"['C019', 'C011', 'C010']",M062,97
U085,C007,2024-08-11 16:22:24,76,"['C013', 'C019', 'C008', 'C001', 'C017']",M011,76
U085,C018,2024-07-18 16:22:24,89,"['C015', 'C007']",M083,89
U085,C009,2024-04-21 16:22:24,60,"['C020', 'C009', 'C005', 'C003', 'C012']",M090,60
U085,C006,2024-02-17 16:22:24,57,"['C015', 'C016', 'C004', 'C008', 'C007']",M073,57
U085,C007,2024-03-04 16:22:24,68,"['C005', 'C014', 'C007', 'C018', 'C010']",M035,68
U085,C007,2024-08-30 16:22:24,61,"['C010', 'C009']",M054,61
U086,C020,2024-01-19 16:22:24,65,"['C003', 'C001', 'C016', 'C005', 'C011']",M058,65
U086,C013,2024-04-30 16:22:24,63,"['C020', 'C009', 'C003', 'C004', 'C002']",M088,63
U086,C002,2024-05-15 16:22:24,65,"['C001', 'C009']",M043,65
U086,C017,2024-04-24 16:22:24,74,"['C005', 'C018', 'C002', 'C006']",M080,74
U086,C009,2024-05-23 16:22:24,82,"['C005', 'C003', 'C011', 'C017', 'C014']",M022,82
U086,C005,2024-10-21 16:22:24,57,"['C016', 'C009', 'C012']",M034,57
U086,C014,2024-06-30 16:22:24,66,"['C014', 'C006', 'C011', 'C016']",M037,66
U086,C005,2024-04-01 16:22:24,92,"['C007', 'C005']",M072,92
U087,C008,2024-07-02 16:22:24,52,"['C015', 'C014', 'C004']",M024,52
U087,C016,2023-11-15 16:22:24,78,"['C015', 'C016', 'C004', 'C005', 'C018']",M006,78
U087,C012,2024-08-12 16:22:24,63,"['C017', 'C009', 'C007']",M012,63
U087,C019,2024-01-25 16:22:24,83,"['C014', 'C003', 'C008']",M001,83
U087,C016,2024-10-30 16:22:24,56,"['C004', 'C013', 'C012', 'C020']",M087,56
U088,C005,2023-11-16 16:22:24,55,"['C015', 'C009', 'C001', 'C011', 'C002']",M004,55
U088,C020,2024-01-26 16:22:24,70,"['C007', 'C002', 'C010']",M058,70
U088,C011,2024-02-06 16:22:24,97,"['C003', 'C013', 'C009', 'C006', 'C008']",M008,97
U088,C013,2024-08-21 16:22:24,51,"['C013', 'C010', 'C005', 'C004', 'C019']",M012,51
U088,C016,2023-11-28 16:22:24,97,"['C012', 'C004', 'C020']",M056,97
U088,C017,2024-04-28 16:22:24,81,"['C009', 'C019', 'C014', 'C003', 'C018']",M026,81
U088,C012,2023-12-26 16:22:24,61,"['C003', 'C002', 'C017', 'C011', 'C015']",M079,61
U088,C008,2024-08-25 16:22:24,93,"['C017', 'C020', 'C003', 'C010', 'C015']",M083,93
U088,C014,2024-08-28 16:22:24,80,"['C010', 'C008', 'C017']",M011,80
U088,C014,2024-02-04 16:22:24,86,"['C002', 'C017']",M038,86
U089,C017,2024-03-20 16:22:24,76,"['C012', 'C009', 'C003', 'C017']",M055,76
U089,C001,2024-03-21 16:22:24,97,"['C006', 'C013', 'C002']",M015,97
U089,C003,2024-06-05 16:22:24,95,"['C015', 'C009', 'C011', 'C006', 'C007']",M054,95
U089,C006,2024-07-03 16:22:24,97,"['C014', 'C018']",M011,97
U089,C001,2024-11-06 16:22:24,75,"['C016', 'C015', 'C013']",M001,75
U089,C020,2024-01-01 16:22:24,81,"['C013', 'C010', 'C003', 'C005']",M093,81
U090,C001,2023-11-22 16:22:24,57,"['C001', 'C007', 'C016']",M025,57
U090,C005,2023-12-28 16:22:24,65,"['C003', 'C010', 'C015']",M084,65
U090,C005,2024-09-14 16:22:24,77,"['C005', 'C015', 'C016']",M061,77
U090,C016,2024-07-11 16:22:24,78,"['C010', 'C019', 'C013']",M003,78
U090,C002,2023-12-26 16:22:24,50,"['C014', 'C016', 'C018', 'C010', 'C002']",M043,50
U090,C016,2024-01-15 16:22:24,81,"['C008', 'C002', 'C017', 'C001', 'C014']",M052,81
U090,C019,2024-06-28 16:22:24,85,"['C016', 'C004', 'C020', 'C012', 'C015']",M041,85
U091,C001,2024-08-06 16:22:24,68,"['C012', 'C015', 'C008', 'C017', 'C018']",M021,68
U091,C019,2023-12-12 16:22:24,71,"['C005', 'C010', 'C013', 'C014', 'C012']",M088,71
U091,C016,2024-06-21 16:22:24,89,"['C016', 'C005']",M021,89
U091,C006,2024-03-06 16:22:24,60,"['C014', 'C016']",M026,60
U091,C010,2024-10-19 16:22:24,63,"['C012', 'C009']",M031,63
U091,C012,2024-02-29 16:22:24,60,"['C003', 'C011']",M087,60
U091,C014,2024-09-12 16:22:24,89,"['C016', 'C009', 'C011']",M015,89
U091,C012,2024-02-01 16:22:24,52,"['C005', 'C017', 'C004', 'C002']",M099,52
U091,C015,2024-09-19 16:22:24,98,"['C018', 'C002']",M059,98
U091,C017,2024-09-13 16:22:24,60,"['C012', 'C006', 'C010']",M014,60
U091,C015,2024-09-23 16:22:24,82,"['C012', 'C011', 'C005']",M098,82
U092,C007,2024-11-09 16:22:24,76,"['C016', 'C011', 'C010']",M057,76
U092,C017,2024-05-06 16:22:24,55,"['C012', 'C008', 'C005', 'C017', 'C014']",M022,55
U092,C008,2024-04-17 16:22:24,77,"['C017', 'C012', 'C001', 'C015', 'C005']",M018,77
U092,C001,2024-09-30 16:22:24,83,"['C011', 'C013', 'C006', 'C014']",M092,83
U092,C002,2023-12-10 16:22:24,98,"['C019', 'C002', 'C017']",M051,98
U092,C010,2023-11-20 16:22:24,75,"['C011', 'C012', 'C001', 'C009']",M054,75
U093,C020,2024-03-29 16:22:24,94,"['C018', 'C015', 'C012']",M019,94
U093,C013,2024-09-30 16:22:24,62,"['C018', 'C011']",M100,62
U093,C013,2024-09-09 16:22:24,96,"['C007', 'C003', 'C017', 'C010']",M093,96
U093,C017,2024-08-23 16:22:24,98,"['C001', 'C018']",M044,98
U093,C019,2024-06-10 16:22:24,65,"['C017', 'C004', 'C002', 'C012', 'C009']",M034,65
U093,C017,2023-12-15 16:22:24,57,"['C015', 'C010']",M046,57
U093,C019,2024-05-23 16:22:24,50,"['C019', 'C020', 'C018']",M095,50
U093,C020,2024-06-20 16:22:24,72,"['C013', 'C017', 'C008']",M030,72
U093,C004,2024-08-06 16:22:24,83,"['C015', 'C004', 'C005', 'C014']",M042,83
U093,C014,2024-04-09 16:22:24,55,"['C016', 'C007', 'C015']",M011,55
U093,C003,2024-04-20 16:22:24,93,"['C009', 'C019', 'C016', 'C014', 'C015']",M048,93
U093,C016,2024-08-31 16:22:24,76,"['C016', 'C015', 'C005']",M094,76
U093,C017,2024-07-27 16:22:24,57,"['C016', 'C002', 'C006', 'C012', 'C004']",M068,57
U094,C014,2024-01-25 16:22:24,57,"['C002', 'C017', 'C005', 'C004']",M015,57
U094,C012,2024-06-15 16:22:24,73,"['C001', 'C005', 'C019', 'C014', 'C002']",M040,73
U094,C010,2024-03-07 16:22:24,63,"['C004', 'C018']",M037,63
U094,C012,2024-03-11 16:22:24,52,"['C019', 'C015', 'C011', 'C013']",M009,52
U094,C016,2024-09-03 16:22:24,88,"['C015', 'C020', 'C005', 'C011', 'C003']",M093,88
U094,C020,2024-04-28 16:22:24,89,"['C013', 'C011', 'C018']",M086,89
U094,C002,2024-06-23 16:22:24,78,"['C006', 'C001']",M086,78
U094,C019,2023-11-16 16:22:24,100,"['C018', 'C004', 'C020', 'C003']",M081,100
U094,C007,2024-10-16 16:22:24,84,"['C016', 'C017', 'C001']",M080,84
U094,C004,2024-11-03 16:22:24,84,"['C007', 'C008', 'C015', 'C003']",M085,84
U094,C018,2024-01-16 16:22:24,70,"['C016', 'C001']",M078,70
U094,C011,2024-10-31 16:22:24,61,"['C013', 'C009', 'C003', 'C004']",M056,61
U094,C004,2024-08-31 16:22:24,60,"['C009', 'C003', 'C005']",M070,60
U094,C010,2024-10-13 16:22:24,93,"['C006', 'C001', 'C002', 'C010']",M053,93
U095,C004,2024-05-31 16:22:24,59,"['C013', 'C004', 'C002', 'C007']",M041,59
U095,C008,2024-07-14 16:22:24,88,"['C017', 'C020', 'C013', 'C004', 'C009']",M097,88
U095,C002,2024-04-18 16:22:24,79,"['C016', 'C001']",M041,79
U095,C014,2024-06-28 16:22:24,64,"['C008', 'C018']",M082,64
U095,C005,2024-03-29 16:22:24,86,"['C017', 'C007']",M039,86
U095,C005,2024-07-10 16:22:24,84,"['C018', 'C015', 'C002', 'C001', 'C019']",M048,84
U095,C020,2024-11-12 16:22:24,91,"['C016', 'C009']",M038,91
U095,C020,2024-05-17 16:22:24,93,"['C019', 'C017', 'C010']",M033,93
U095,C002,2024-01-29 16:22:24,97,"['C010', 'C003']",M021,97
U095,C013,2024-02-02 16:22:24,57,"['C014', 'C007', 'C017', 'C011']",M090,57
U095,C011,2023-11-16 16:22:24,66,"['C009', 'C008', 'C011', 'C018', 'C007']",M082,66
U096,C020,2024-09-05 16:22:24,51,"['C020', 'C016']",M043,51
U096,C001,2024-04-15 16:22:24,93,"['C013', 'C018', 'C003', 'C019', 'C001']",M002,93
U096,C015,2024-05-04 16:22:24,57,"['C013', 'C006', 'C001', 'C004']",M087,57
U096,C015,2024-11-08 16:22:24,62,"['C001', 'C009', 'C012']",M048,62
U096,C007,2024-06-10 16:22:24,89,"['C008', 'C016', 'C012']",M012,89
U096,C002,2023-11-17 16:22:24,81,"['C001', 'C007', 'C013']",M036,81
U096,C004,2024-03-05 16:22:24,86,"['C018', 'C007', 'C006']",M036,86
U096,C003,2024-10-10 16:22:24,58,"['C009', 'C019', 'C008']",M076,58
U096,C017,2024-08-06 16:22:24,100,"['C018', 'C009']",M094,100
U096,C018,2023-12-20 16:22:24,50,"['C011', 'C014']",M059,50
U096,C014,2024-02-21 16:22:24,57,"['C016', 'C012', 'C017', 'C002', 'C008']",M036,57
U096,C002,2024-03-28 16:22:24,76,"['C001', 'C013', 'C007', 'C011']",M036,76
U097,C019,2023-11-25 16:22:24,97,"['C003', 'C008', 'C007', 'C006', 'C011']",M004,97
U097,C010,2024-09-24 16:22:24,90,"['C016', 'C014']",M009,90
U097,C001,2024-07-07 16:22:24,90,"['C004', 'C016', 'C008']",M076,90
U097,C011,2024-07-14 16:22:24,71,"['C020', 'C015']",M007,71
U097,C004,2024-09-10 16:22:24,78,"['C002', 'C020']",M081,78
U097,C013,2024-09-08 16:22:24,94,"['C015', 'C002']",M041,94
U098,C020,2024-09-21 16:22:24,77,"['C018', 'C002']",M081,77
U098,C010,2024-01-01 16:22:24,75,"['C008', 'C001', 'C015', 'C013', 'C018']",M049,75
U098,C014,2024-05-23 16:22:24,89,"['C015', 'C017']",M080,89
U098,C011,2024-09-21 16:22:24,62,"['C020', 'C003']",M076,62
U098,C019,2023-12-22 16:22:24,86,"['C012', 'C014', 'C016', 'C015']",M025,86
U098,C006,2024-10-13 16:22:24,58,"['C010', 'C019', 'C014']",M032,58
U098,C017,2024-06-06 16:22:24,98,"['C005', 'C016', 'C010']",M084,98
U098,C020,2024-11-08 16:22:24,68,"['C002', 'C008', 'C017']",M044,68
U098,C018,2024-08-04 16:22:24,77,"['C007', 'C003', 'C011']",M007,77
U099,C016,2024-01-10 16:22:24,94,"['C019', 'C020', 'C011', 'C010']",M089,94
U099,C014,2024-03-25 16:22:24,60,"['C016', 'C008']",M043,60
U099,C001,2024-07-18 16:22:24,64,"['C020', 'C007', 'C008', 'C016', 'C011']",M082,64
U099,C013,2024-11-09 16:22:24,75,"['C001', 'C003', 'C012', 'C020']",M027,75
U099,C018,2024-04-01 16:22:24,59,"['C019', 'C012', 'C002']",M015,59
U099,C001,2024-08-15 16:22:24,62,"['C009', 'C006', 'C011']",M026,62
U099,C018,2024-11-01 16:22:24,61,"['C009', 'C004', 'C001']",M032,61
U099,C005,2024-09-17 16:22:24,91,"['C007', 'C010', 'C015', 'C008']",M049,91
U100,C012,2023-12-29 16:22:24,60,"['C003', 'C004', 'C005', 'C018', 'C007']",M085,60
U100,C007,2024-05-05 16:22:24,74,"['C020', 'C014', 'C008', 'C002']",M069,74
U100,C020,2024-06-15 16:22:24,62,"['C011', 'C008', 'C002']",M076,62
U100,C009,2024-03-07 16:22:24,82,"['C003', 'C016', 'C020']",M017,82
U100,C006,2023-12-18 16:22:24,74,"['C016', 'C017', 'C015', 'C006']",M066,74
U100,C011,2023-11-23 16:22:24,73,"['C016', 'C020', 'C009', 'C013', 'C002']",M092,73
U100,C007,2024-07-15 16:22:24,62,"['C007', 'C010', 'C014', 'C013', 'C006']",M029,62
U100,C012,2024-09-05 16:22:24,85,"['C010', 'C015']",M033,85
U100,C017,2024-10-22 16:22:24,64,"['C017', 'C011', 'C014', 'C015', 'C020']",M046,64
U100,C014,2024-06-03 16:22:24,73,"['C013', 'C001', 'C006', 'C015']",M053,73
